Date,Itinerary,Lookup,Map Path,Time,Hotel Detail,Food Detail
2025-06-07,"{'itinerary': '珍珠泉->济南森林公园->融汇济南老商埠->大观园->五龙潭园区->趵突泉景区->大明湖景区', '总体理由': '这条路线融合了济南的自然美景与历史文化，适合家庭亲子游，体验泉城的独特魅力。', 'pois': {'1': '我们的行程从珍珠泉开始，这里池底涌出的白色气泡如同珍珠般美丽，泉水清澈见底，周围古建筑宁静祥和，是家庭出游的理想之地。', '4': '离开珍珠泉，我们前往济南森林公园，这里绿树成荫，空气清新，是城市的绿肺，适合全家一起感受自然的宁静与和谐。', '5': '沿着公园的小径，我们来到融汇济南老商埠，这里充满了老济南的历史韵味，漫步其中仿佛穿越时空，感受传统商业文化的魅力。', '6': '继续前行，我们抵达大观园，这里不仅有古色古香的建筑，还有传统戏曲表演和地道小吃，是体验济南市井文化的绝佳地点。', '7': '离开大观园，我们来到五龙潭园区，这里的泉水喷发景象壮丽，结合了自然与人文景观，适合全家一起欣赏和感受。', '8': '沿着泉水边的小路，我们来到趵突泉景区，这是济南的标志性景点，泉水喷涌不息，历史文化悠久，是体验泉水文化的必游之地。', '16': '最后，我们抵达大明湖景区，湖光山色美不胜收，历史文化底蕴深厚，是家庭亲子游的完美收官之地。'}}","1, 2, 3, 4, 5, 6, 7, 8, 9, 10, 11, 12, 13, 14, 15, 16",http://127.0.0.1:5000/output/2025_06_07_20_49_zh.html,6,"[['格林豪泰智选酒店(芙蓉街趵突泉泉城广场店）  |  星级：二星', '如家酒店(泉城路芙蓉街店)  |  星级：二星'], ['维也纳3好酒店(济南国际会展中心店）  |  星级：三星', '汉庭酒店(济南西站店)  |  星级：三星'], ['魔方酒店公寓(济南和谐广场店)  |  星级：二星', '天地仁和连锁酒店(济南省立医院经四路店)  |  星级：二星'], ['天地仁和连锁酒店(济南省立医院经四路店)  |  星级：二星', '全季酒店(和谐广场店)  |  星级：三星'], ['如家酒店(大观园万达广场店)  |  星级：二星', '艺龙万国酒店(济南火车站大明湖景区店)  |  星级：三星'], ['如家酒店(大观园万达广场店)  |  星级：二星', '和颐至尚酒店(趵突泉店)  |  星级：四星'], ['锦江之星酒店(济南大明湖店)  |  星级：二星', '和颐至尚酒店(趵突泉店)  |  星级：四星']]","[['老济南的味道特色菜馆  |  地址：山东济南大明湖泉城路街道辘轳把子街20号  |  人均价格：71', '明湖楼·精致鲁菜  |  地址：山东济南大明湖明湖北路271号大明湖公园北门内  |  人均价格：85'], ['金房子水饺城  |  地址：山东济南张庄路/森林公园段店北路街道张庄路162号（森林公园南门东60米路南）  |  人均价格：107', '食力天酒店  |  地址：山东济南张庄路/森林公园闫千户路与段兴西路交叉口东行50米  |  人均价格：67'], ['临沂小胡同炒鸡  |  地址：山东济南大观园经三路纬六路7号南楼底层东3户(近重庆烂豆花火锅)  |  人均价格：117', '朝天锅  |  地址：山东济南大观园经四路391号  |  人均价格：89'], ['便宜坊  |  地址：山东济南大观园经三路93号  |  人均价格：98', '朝天锅  |  地址：山东济南大观园经四路391号  |  人均价格：89'], ['春江饭店  |  地址：山东济南绿地中心共青团路56号（易捷便利店旁）  |  人均价格：105', '草包包子铺1937  |  地址：山东济南绿地中心普利街15号（近趵突泉）  |  人均价格：35'], ['草包包子铺1937  |  地址：山东济南绿地中心普利街15号（近趵突泉）  |  人均价格：35', '春江饭店  |  地址：山东济南绿地中心共青团路56号（易捷便利店旁）  |  人均价格：105'], ['锦一味炒鸡  |  地址：山东济南北园大街北关北路二号  |  人均价格：77', '明湖楼·精致鲁菜  |  地址：山东济南大明湖明湖北路271号大明湖公园北门内  |  人均价格：85']]"
2025-06-07,"{'itinerary': '百花洲->曲水亭风景区->腾蛟泉->济南市环城公园->泉城广场->趵突泉景区->五龙潭园区->大明湖景区', '总体理由': '这条路线融合了济南的自然美景与人文历史，适合家庭亲子游，体验泉城的独特魅力。', 'pois': {'1': '我们的行程从百花洲开始，这里是一片充满老济南韵味的休闲街区，古建筑与自然景观相映成趣，漫步其中仿佛穿越时光。', '2': '离开百花洲，我们继续前往曲水亭风景区，这条老街承载着济南的历史文化，漫步在石板路上，感受古城的宁静与祥和。', '3': '沿着小路前行，腾蛟泉映入眼帘，泉水清澈见底，周围绿树成荫，是登山踏青的好去处，感受自然与历史的完美融合。', '4': '漫步至济南市环城公园，这里园林建筑典雅，绿意盎然，是城市的绿肺，适合全家放松身心，享受自然的宁静。', '5': '泉城广场是济南的地标，现代与传统的交融之地，夜晚灯光璀璨，适合感受城市的繁华与活力。', '6': '趵突泉景区是济南的标志性景点，泉水喷涌的壮丽景象令人叹为观止，还能体验泉水文化，欣赏古建筑之美。', '7': '五龙潭园区景色迷人，泉水喷发如龙腾，历史文化底蕴深厚，适合家庭出游，感受自然与文化的和谐共生。', '14': '最后抵达大明湖景区，湖光山色美不胜收，适合踏青休闲，欣赏传统戏曲表演，感受济南泉水文化的深厚底蕴。'}}","1, 2, 3, 4, 5, 6, 7, 8, 9, 10, 11, 12, 13, 14",http://127.0.0.1:5000/output/2025_06_07_21_32_zh.html,6,"[['和颐至尚酒店(趵突泉店)  |  星级：四星', '汉庭酒店(趵突泉店)  |  星级：二星'], ['和颐至尚酒店(趵突泉店)  |  星级：四星', '汉庭酒店(趵突泉店)  |  星级：二星'], ['和颐至尚酒店(趵突泉店)  |  星级：四星', '汉庭酒店(趵突泉店)  |  星级：二星'], ['汉庭酒店(趵突泉店)  |  星级：二星', '如家酒店(泉城路芙蓉街店)  |  星级：二星'], ['和颐至尚酒店(趵突泉店)  |  星级：四星', '汉庭酒店(趵突泉店)  |  星级：二星'], ['如家酒店(大观园万达广场店)  |  星级：二星', '和颐至尚酒店(趵突泉店)  |  星级：四星'], ['如家酒店(大观园万达广场店)  |  星级：二星', '艺龙万国酒店(济南火车站大明湖景区店)  |  星级：三星'], ['锦江之星酒店(济南大明湖店)  |  星级：二星', '和颐至尚酒店(趵突泉店)  |  星级：四星']]","[['老济南的味道特色菜馆  |  地址：山东济南大明湖泉城路街道辘轳把子街20号  |  人均价格：71', '春水锅贴·传统鲁菜  |  地址：山东济南大明湖花店街25号  |  人均价格：76'], ['老济南的味道特色菜馆  |  地址：山东济南大明湖泉城路街道辘轳把子街20号  |  人均价格：71', '金三杯酒家  |  地址：山东济南大明湖趵突泉北路12号三联大厦11楼  |  人均价格：72'], ['金三杯酒家  |  地址：山东济南大明湖趵突泉北路12号三联大厦11楼  |  人均价格：72', '老济南的味道特色菜馆  |  地址：山东济南大明湖泉城路街道辘轳把子街20号  |  人均价格：71'], ['闫府私房菜·百年鲁菜  |  地址：山东济南恒隆广场泉城路188号恒隆广场东翼4层416A  |  人均价格：78', '会仙楼饭庄  |  地址：山东济南芙蓉街芙蓉街103号  |  人均价格：97'], ['关帝庙蜜脂园  |  地址：山东济南趵突泉共青团路3号五龙潭公园西侧关帝庙  |  人均价格：141', '金三杯酒家  |  地址：山东济南大明湖趵突泉北路12号三联大厦11楼  |  人均价格：72'], ['草包包子铺1937  |  地址：山东济南绿地中心普利街15号（近趵突泉）  |  人均价格：35', '春江饭店  |  地址：山东济南绿地中心共青团路56号（易捷便利店旁）  |  人均价格：105'], ['春江饭店  |  地址：山东济南绿地中心共青团路56号（易捷便利店旁）  |  人均价格：105', '草包包子铺1937  |  地址：山东济南绿地中心普利街15号（近趵突泉）  |  人均价格：35'], ['锦一味炒鸡  |  地址：山东济南北园大街北关北路二号  |  人均价格：77', '明湖楼·精致鲁菜  |  地址：山东济南大明湖明湖北路271号大明湖公园北门内  |  人均价格：85']]"
2025-06-07,"{'itinerary': '大明湖景区->趵突泉景区->五龙潭园区->黑虎泉->泉城广场', '总体理由': '这条路线融合了济南的泉水文化与城市风光，适合家庭亲子游，体验自然与历史的完美结合。', 'pois': {'7': '我们的行程从大明湖景区开始，这里风光秀美，湖水清澈，是济南的天然泉水湖公园。漫步湖畔，感受历史的厚重与自然的宁静，适合全家一起踏青休闲。', '6': '离开大明湖，我们前往趵突泉景区。泉水喷涌的壮丽景象令人叹为观止，这里是济南的标志性景点，泉水文化的历史底蕴深厚，适合家庭体验。', '5': '沿着泉水路线，我们来到五龙潭园区。这里的泉水公园景色迷人，泉水喷发景象壮观，是感受济南泉水文化与自然美景的绝佳去处。', '10': '继续前行，黑虎泉映入眼帘。作为济南四大名泉之一，泉水清澈见底，周围古建筑宁静祥和，适合家庭参与非遗手工制作，体验泉水魅力。', '8': '最后我们抵达泉城广场，这里是济南的城市地标，夜晚灯光璀璨，现代与传统完美融合，适合全家欣赏夜景，感受城市的繁华与活力。'}}","1, 2, 3, 4, 5, 6, 7, 8, 9, 10, 11, 12, 13, 14",http://127.0.0.1:5000/output/2025_06_07_21_35_zh.html,6,"[['如家酒店(大观园万达广场店)  |  星级：二星', '和颐至尚酒店(趵突泉店)  |  星级：四星'], ['如家酒店(大观园万达广场店)  |  星级：二星', '艺龙万国酒店(济南火车站大明湖景区店)  |  星级：三星'], ['希岸Deluxe酒店(济南西站店）  |  星级：四星', '如家联盟华驿酒店(西客站店)  |  星级：二星'], ['尚客优酒店(泉城广场齐鲁医院店)  |  星级：二星', '汉庭酒店(济南泉城广场朝山街店)  |  星级：二星'], ['和颐至尚酒店(趵突泉店)  |  星级：四星', '汉庭酒店(趵突泉店)  |  星级：二星']]","[['草包包子铺1937  |  地址：山东济南绿地中心普利街15号（近趵突泉）  |  人均价格：35', '春江饭店  |  地址：山东济南绿地中心共青团路56号（易捷便利店旁）  |  人均价格：105'], ['春江饭店  |  地址：山东济南绿地中心共青团路56号（易捷便利店旁）  |  人均价格：105', '草包包子铺1937  |  地址：山东济南绿地中心普利街15号（近趵突泉）  |  人均价格：35'], ['鲁泉大酒店  |  地址：山东济南世购广场腊山街道经十西路176号(106医院)  |  人均价格：76', '真如意大酒店  |  地址：山东济南槐荫区匡山街道济齐路99号（匡山汽车大世界北门对面）  |  人均价格：80'], ['福利来酒店  |  地址：山东济南泉城广场/银座新天地泺源大街68号  |  人均价格：130', '济南玉泉森信大酒店-中餐厅  |  地址：山东济南泉城广场/银座新天地泺源大街68号玉泉森信大酒店(近银座商城)  |  人均价格：127'], ['关帝庙蜜脂园  |  地址：山东济南趵突泉共青团路3号五龙潭公园西侧关帝庙  |  人均价格：141', '金三杯酒家  |  地址：山东济南大明湖趵突泉北路12号三联大厦11楼  |  人均价格：72']]"
2025-06-07,"{'itinerary': '趵突泉景区->泉城广场->黑虎泉->五龙潭园区->大明湖景区', '总体理由': '这条路线串联了济南最著名的泉水景观和城市地标，让游客在短时间内领略泉城的精华。', 'pois': {'15': '趵突泉景区是济南的标志性景点，泉水喷涌的壮观景象令人叹为观止。这里不仅能欣赏到古建筑的韵味，还能感受到深厚的泉水文化底蕴。', '1': '泉城广场作为济南的城市名片，将现代都市的繁华与传统文化的韵味完美融合。夜晚的灯光秀更是为这座广场增添了迷人的色彩。', '3': '黑虎泉以其清澈见底的泉水和独特的喷涌方式闻名。在这里可以近距离感受济南的泉水文化，参与非遗手工制作，体验传统工艺的魅力。', '14': '五龙潭园区是一个集自然景观与人文景观于一体的泉水公园。园内泉水喷发的景象壮观迷人，漫步其中能感受到自然与文化的和谐统一。', '10': '大明湖景区是济南的一颗明珠，湖光山色相映成趣。这里不仅有深厚的历史文化底蕴，还能欣赏到传统戏曲表演，感受济南独特的泉水文化。'}}","1, 2, 3, 4, 5, 6, 7, 8, 9, 10, 11, 12, 13, 14, 15",http://127.0.0.1:5000/output/2025_06_07_22_05_zh.html,5,"[['如家酒店(大观园万达广场店)  |  星级：二星', '和颐至尚酒店(趵突泉店)  |  星级：四星'], ['和颐至尚酒店(趵突泉店)  |  星级：四星', '汉庭酒店(趵突泉店)  |  星级：二星'], ['尚客优酒店(泉城广场齐鲁医院店)  |  星级：二星', '汉庭酒店(济南泉城广场朝山街店)  |  星级：二星'], ['如家酒店(大观园万达广场店)  |  星级：二星', '艺龙万国酒店(济南火车站大明湖景区店)  |  星级：三星'], ['锦江之星酒店(济南大明湖店)  |  星级：二星', '和颐至尚酒店(趵突泉店)  |  星级：四星']]","[['草包包子铺1937  |  地址：山东济南绿地中心普利街15号（近趵突泉）  |  人均价格：35', '春江饭店  |  地址：山东济南绿地中心共青团路56号（易捷便利店旁）  |  人均价格：105'], ['关帝庙蜜脂园  |  地址：山东济南趵突泉共青团路3号五龙潭公园西侧关帝庙  |  人均价格：141', '金三杯酒家  |  地址：山东济南大明湖趵突泉北路12号三联大厦11楼  |  人均价格：72'], ['福利来酒店  |  地址：山东济南泉城广场/银座新天地泺源大街68号  |  人均价格：130', '济南玉泉森信大酒店-中餐厅  |  地址：山东济南泉城广场/银座新天地泺源大街68号玉泉森信大酒店(近银座商城)  |  人均价格：127'], ['春江饭店  |  地址：山东济南绿地中心共青团路56号（易捷便利店旁）  |  人均价格：105', '草包包子铺1937  |  地址：山东济南绿地中心普利街15号（近趵突泉）  |  人均价格：35'], ['锦一味炒鸡  |  地址：山东济南北园大街北关北路二号  |  人均价格：77', '明湖楼·精致鲁菜  |  地址：山东济南大明湖明湖北路271号大明湖公园北门内  |  人均价格：85']]"
2025-06-08,"{'itinerary': '五龙潭园区->趵突泉景区->大明湖景区->超然楼', '总体理由': '这条路线串联了济南最著名的泉水景观和历史文化，让游客在短时间内领略泉城的精华。', 'pois': {'1': '我们的行程从五龙潭园区开始，这里泉水清澈见底，喷涌而出的泉水在阳光下闪烁着银光，仿佛五条银龙在嬉戏。漫步在古色古香的亭台楼阁间，感受泉水与历史的交融。', '6': '离开五龙潭，我们来到济南的标志性景点趵突泉。泉水喷涌的壮观景象令人叹为观止，周围古建筑群诉说着千年泉城的故事，是体验济南泉水文化的最佳去处。', '11': '沿着护城河漫步，我们来到大明湖景区。湖面波光粼粼，垂柳依依，远眺超然楼倒映在湖水中，构成一幅绝美的山水画卷。这里曾是文人墨客流连忘返的地方。', '12': ""最后我们登上始建于元代的超然楼，站在楼顶俯瞰整个大明湖全景，感受'四面荷花三面柳，一城山色半城湖'的诗意境界，为一天的行程画上完美句号。""}}","1, 2, 3, 4, 5, 6, 7, 8, 9, 10, 11, 12, 13, 14, 15, 16",http://127.0.0.1:5000/output/2025_06_08_19_45_zh.html,4,"[['如家酒店(大观园万达广场店)  |  星级：二星', '艺龙万国酒店(济南火车站大明湖景区店)  |  星级：三星'], ['锦江之星酒店(济南大明湖店)  |  星级：二星', '和颐至尚酒店(趵突泉店)  |  星级：四星'], ['格林豪泰智选酒店(芙蓉街趵突泉泉城广场店）  |  星级：二星', '锦江之星酒店(济南大明湖店)  |  星级：二星'], ['银座佳驿酒店(山大路店)  |  星级：二星', '银座佳驿酒店(济南文化东路山东师范大学店）  |  星级：二星']]","[['春江饭店  |  地址：山东济南绿地中心共青团路56号（易捷便利店旁）  |  人均价格：105', '草包包子铺1937  |  地址：山东济南绿地中心普利街15号（近趵突泉）  |  人均价格：35'], ['锦一味炒鸡  |  地址：山东济南北园大街北关北路二号  |  人均价格：77', '明湖楼·精致鲁菜  |  地址：山东济南大明湖明湖北路271号大明湖公园北门内  |  人均价格：85'], ['明湖楼·精致鲁菜  |  地址：山东济南大明湖明湖北路271号大明湖公园北门内  |  人均价格：85', '老济南的味道特色菜馆  |  地址：山东济南大明湖泉城路街道辘轳把子街20号  |  人均价格：71'], ['稻乡村菜馆  |  地址：山东济南千佛山公园燕子山西路40-2号  |  人均价格：132', '山航大厦餐厅  |  地址：山东济南二环东路沿线二环东路5746号  |  人均价格：86']]"
2025-06-08,"{'itinerary': '趵突泉景区->五龙潭园区->珍珠泉->曲水亭风景区->大明湖景区', '总体理由': '这条路线串联了济南最著名的泉水景观，从趵突泉的壮丽喷涌到大明湖的宁静湖光，完美展现泉城魅力。', 'pois': {'16': '我们的行程从趵突泉景区开始，这里泉水喷涌如雪，声若隐雷，三股水柱昼夜不息地跃动着。青石围栏内碧波荡漾，四周亭台楼阁错落有致，游人们总爱在这里驻足，看那千年不歇的泉水如何滋养着这座古城。', '15': '离开趵突泉，沿着护城河漫步约十分钟，就能遇见五龙潭园区。五处清泉如明珠般散落在绿荫深处，潭水清澈见底，锦鲤悠然游弋。最妙的是东门的五龙壁，栩栩如生的石雕龙首正吐着汩汩清泉。', '6': ""穿过几条幽静的老街巷，珍珠泉就藏在省人大院内。这里没有喧嚣的游客，只有池底不断冒出的晶莹气泡，宛如串串珍珠。坐在汉白玉栏杆旁，看阳光在水面碎成点点金箔，最能体会济南'家家泉水'的诗意。"", '8': '沿着青石板路向北，曲水亭街区的老济南韵味扑面而来。白墙灰瓦的民居依水而建，岸边垂柳轻拂水面。不妨在传统茶社歇脚，要一碗用泉水沏的茉莉花茶，听掌柜讲述这条老街的百年往事。', '10': '行程的终点是大明湖景区，这个由众泉汇成的湖泊像一块碧玉镶嵌在城北。超然楼倒映在如镜的湖面上，画舫缓缓划过荷塘，傍晚时分还能听到隐约传来的吕剧唱段，让人沉醉在这座泉水之城的温柔里。'}}","1, 2, 3, 4, 5, 6, 7, 8, 9, 10, 11, 12, 13, 14, 15, 16",http://127.0.0.1:5000/output/2025_06_08_19_46_zh.html,4,"[['如家酒店(大观园万达广场店)  |  星级：二星', '和颐至尚酒店(趵突泉店)  |  星级：四星'], ['如家酒店(大观园万达广场店)  |  星级：二星', '艺龙万国酒店(济南火车站大明湖景区店)  |  星级：三星'], ['格林豪泰智选酒店(芙蓉街趵突泉泉城广场店）  |  星级：二星', '如家酒店(泉城路芙蓉街店)  |  星级：二星'], ['和颐至尚酒店(趵突泉店)  |  星级：四星', '汉庭酒店(趵突泉店)  |  星级：二星'], ['锦江之星酒店(济南大明湖店)  |  星级：二星', '和颐至尚酒店(趵突泉店)  |  星级：四星']]","[['草包包子铺1937  |  地址：山东济南绿地中心普利街15号（近趵突泉）  |  人均价格：35', '春江饭店  |  地址：山东济南绿地中心共青团路56号（易捷便利店旁）  |  人均价格：105'], ['春江饭店  |  地址：山东济南绿地中心共青团路56号（易捷便利店旁）  |  人均价格：105', '草包包子铺1937  |  地址：山东济南绿地中心普利街15号（近趵突泉）  |  人均价格：35'], ['老济南的味道特色菜馆  |  地址：山东济南大明湖泉城路街道辘轳把子街20号  |  人均价格：71', '明湖楼·精致鲁菜  |  地址：山东济南大明湖明湖北路271号大明湖公园北门内  |  人均价格：85'], ['老济南的味道特色菜馆  |  地址：山东济南大明湖泉城路街道辘轳把子街20号  |  人均价格：71', '金三杯酒家  |  地址：山东济南大明湖趵突泉北路12号三联大厦11楼  |  人均价格：72'], ['锦一味炒鸡  |  地址：山东济南北园大街北关北路二号  |  人均价格：77', '明湖楼·精致鲁菜  |  地址：山东济南大明湖明湖北路271号大明湖公园北门内  |  人均价格：85']]"
2025-06-09,"{'itinerary': '趵突泉景区->泉城广场->黑虎泉->五龙潭园区->大明湖景区', '总体理由': '精选济南五大经典景点，体验泉水文化与历史底蕴，感受城市繁华与自然宁静的完美融合。', 'pois': {'16': '趵突泉景区，济南的标志性景点，泉水喷涌如珠，气势磅礴。古建筑环绕，历史氛围浓厚，是体验泉水文化的绝佳之地。', '1': '泉城广场，现代与传统的交汇点，繁华中透着宁静。夜晚灯光璀璨，是感受城市活力的理想场所。', '3': '黑虎泉，泉水清澈见底，古建筑典雅。参与非遗手工制作，深入体验济南泉水文化的独特魅力。', '15': '五龙潭园区，泉水公园景色迷人，泉水喷发景象壮观。漫步其中，感受自然与文化的和谐共生。', '10': '大明湖景区，天然泉水湖风光秀美，历史文化底蕴深厚。湖光山色间，尽享济南的宁静与诗意。'}}","1, 2, 3, 4, 5, 6, 7, 8, 9, 10, 11, 12, 13, 14, 15, 16",http://127.0.0.1:5000/output/2025_06_09_17_50_zh.html,5,"[['如家酒店(大观园万达广场店)  |  星级：二星', '和颐至尚酒店(趵突泉店)  |  星级：四星'], ['和颐至尚酒店(趵突泉店)  |  星级：四星', '汉庭酒店(趵突泉店)  |  星级：二星'], ['尚客优酒店(泉城广场齐鲁医院店)  |  星级：二星', '汉庭酒店(济南泉城广场朝山街店)  |  星级：二星'], ['如家酒店(大观园万达广场店)  |  星级：二星', '艺龙万国酒店(济南火车站大明湖景区店)  |  星级：三星'], ['锦江之星酒店(济南大明湖店)  |  星级：二星', '和颐至尚酒店(趵突泉店)  |  星级：四星']]","[['草包包子铺1937  |  地址：山东济南绿地中心普利街15号（近趵突泉）  |  人均价格：35', '春江饭店  |  地址：山东济南绿地中心共青团路56号（易捷便利店旁）  |  人均价格：105'], ['关帝庙蜜脂园  |  地址：山东济南趵突泉共青团路3号五龙潭公园西侧关帝庙  |  人均价格：141', '金三杯酒家  |  地址：山东济南大明湖趵突泉北路12号三联大厦11楼  |  人均价格：72'], ['福利来酒店  |  地址：山东济南泉城广场/银座新天地泺源大街68号  |  人均价格：130', '济南玉泉森信大酒店-中餐厅  |  地址：山东济南泉城广场/银座新天地泺源大街68号玉泉森信大酒店(近银座商城)  |  人均价格：127'], ['春江饭店  |  地址：山东济南绿地中心共青团路56号（易捷便利店旁）  |  人均价格：105', '草包包子铺1937  |  地址：山东济南绿地中心普利街15号（近趵突泉）  |  人均价格：35'], ['锦一味炒鸡  |  地址：山东济南北园大街北关北路二号  |  人均价格：77', '明湖楼·精致鲁菜  |  地址：山东济南大明湖明湖北路271号大明湖公园北门内  |  人均价格：85']]"
2025-06-09,"{'itinerary': '五龙潭园区->趵突泉景区->泉城广场->黑虎泉->大明湖景区', '总体理由': '一日游行程融合了济南的泉水文化与历史底蕴，从五龙潭的宁静到趵突泉的壮丽，再到泉城广场的繁华，最后以大明湖的湖光山色收尾。', 'pois': {'1': '我们的行程从五龙潭园区开始，这里泉水清澈，绿树成荫，是感受济南泉水文化的绝佳起点。漫步其中，仿佛置身于一幅流动的山水画中。', '17': '离开五龙潭，我们前往趵突泉景区，这里是济南的标志性景点，泉水喷涌的壮丽景象令人叹为观止，古建筑与泉水相映成趣，展现了济南深厚的历史文化。', '16': '沿着泉水边的小路，我们来到泉城广场，这里是济南的城市中心，繁华与宁静并存，夜晚的灯光秀更是为这座城市增添了一抹现代色彩。', '8': '从泉城广场步行不远，便是黑虎泉，泉水清澈见底，涌出的水泡如珍珠般晶莹剔透，周围的古建筑与泉水相得益彰，让人流连忘返。', '12': '最后，我们抵达大明湖景区，湖面波光粼粼，四周古建筑环绕，是放松身心、感受济南泉水文化的完美终点。'}}","1, 2, 3, 4, 5, 6, 7, 8, 9, 10, 11, 12, 13, 14, 15, 16, 17",http://127.0.0.1:5000/output/2025_06_09_17_55_zh.html,6,"[['如家酒店(大观园万达广场店)  |  星级：二星', '艺龙万国酒店(济南火车站大明湖景区店)  |  星级：三星'], ['如家酒店(大观园万达广场店)  |  星级：二星', '和颐至尚酒店(趵突泉店)  |  星级：四星'], ['和颐至尚酒店(趵突泉店)  |  星级：四星', '汉庭酒店(趵突泉店)  |  星级：二星'], ['尚客优酒店(泉城广场齐鲁医院店)  |  星级：二星', '汉庭酒店(济南泉城广场朝山街店)  |  星级：二星'], ['锦江之星酒店(济南大明湖店)  |  星级：二星', '和颐至尚酒店(趵突泉店)  |  星级：四星']]","[['春江饭店  |  地址：山东济南绿地中心共青团路56号（易捷便利店旁）  |  人均价格：105', '草包包子铺1937  |  地址：山东济南绿地中心普利街15号（近趵突泉）  |  人均价格：35'], ['草包包子铺1937  |  地址：山东济南绿地中心普利街15号（近趵突泉）  |  人均价格：35', '春江饭店  |  地址：山东济南绿地中心共青团路56号（易捷便利店旁）  |  人均价格：105'], ['关帝庙蜜脂园  |  地址：山东济南趵突泉共青团路3号五龙潭公园西侧关帝庙  |  人均价格：141', '金三杯酒家  |  地址：山东济南大明湖趵突泉北路12号三联大厦11楼  |  人均价格：72'], ['福利来酒店  |  地址：山东济南泉城广场/银座新天地泺源大街68号  |  人均价格：130', '济南玉泉森信大酒店-中餐厅  |  地址：山东济南泉城广场/银座新天地泺源大街68号玉泉森信大酒店(近银座商城)  |  人均价格：127'], ['锦一味炒鸡  |  地址：山东济南北园大街北关北路二号  |  人均价格：77', '明湖楼·精致鲁菜  |  地址：山东济南大明湖明湖北路271号大明湖公园北门内  |  人均价格：85']]"
2025-06-09,"{'itinerary': '趵突泉景区->五龙潭园区->大明湖景区->超然楼->百花洲', '总体理由': '这条路线串联了济南最著名的泉水景观与历史文化，让游客在一天内深度体验泉城的魅力。', 'pois': {'15': '趵突泉景区是济南的标志性景点，泉水喷涌的壮观景象令人叹为观止。这里不仅能感受到泉水的活力，还能欣赏到精美的古建筑，是了解济南泉水文化的第一站。', '14': '五龙潭园区景色迷人，泉水清澈见底，园内古树参天，环境幽静。这里是感受济南泉水与自然和谐共生的绝佳地点。', '7': '大明湖景区风光秀丽，湖面如镜，倒映着周围的亭台楼阁。漫步湖边，既能欣赏自然美景，又能感受深厚的历史文化底蕴。', '5': '超然楼始建于元代，登楼远眺，大明湖美景尽收眼底。这座古建筑见证了济南的历史变迁，是文化爱好者的必访之地。', '8': '百花洲保留着老济南的韵味，青石板路、传统建筑让人仿佛穿越时空。这里宁静祥和，是体验济南传统文化的好去处。'}}","1, 2, 3, 4, 5, 6, 7, 8, 9, 10, 11, 12, 13, 14, 15",http://127.0.0.1:5000/output/2025_06_09_18_07_zh.html,5,"[['如家酒店(大观园万达广场店)  |  星级：二星', '和颐至尚酒店(趵突泉店)  |  星级：四星'], ['如家酒店(大观园万达广场店)  |  星级：二星', '艺龙万国酒店(济南火车站大明湖景区店)  |  星级：三星'], ['锦江之星酒店(济南大明湖店)  |  星级：二星', '和颐至尚酒店(趵突泉店)  |  星级：四星'], ['格林豪泰智选酒店(芙蓉街趵突泉泉城广场店）  |  星级：二星', '锦江之星酒店(济南大明湖店)  |  星级：二星'], ['和颐至尚酒店(趵突泉店)  |  星级：四星', '汉庭酒店(趵突泉店)  |  星级：二星']]","[['草包包子铺1937  |  地址：山东济南绿地中心普利街15号（近趵突泉）  |  人均价格：35', '春江饭店  |  地址：山东济南绿地中心共青团路56号（易捷便利店旁）  |  人均价格：105'], ['春江饭店  |  地址：山东济南绿地中心共青团路56号（易捷便利店旁）  |  人均价格：105', '草包包子铺1937  |  地址：山东济南绿地中心普利街15号（近趵突泉）  |  人均价格：35'], ['锦一味炒鸡  |  地址：山东济南北园大街北关北路二号  |  人均价格：77', '明湖楼·精致鲁菜  |  地址：山东济南大明湖明湖北路271号大明湖公园北门内  |  人均价格：85'], ['明湖楼·精致鲁菜  |  地址：山东济南大明湖明湖北路271号大明湖公园北门内  |  人均价格：85', '老济南的味道特色菜馆  |  地址：山东济南大明湖泉城路街道辘轳把子街20号  |  人均价格：71'], ['老济南的味道特色菜馆  |  地址：山东济南大明湖泉城路街道辘轳把子街20号  |  人均价格：71', '春水锅贴·传统鲁菜  |  地址：山东济南大明湖花店街25号  |  人均价格：76']]"
2025-06-09,"{'itinerary': '五龙潭园区->趵突泉景区->黑虎泉->大明湖景区->泉城广场', '总体理由': '这条路线串联了济南最著名的泉水景观与历史文化，让游客在一天内深度体验泉城的独特魅力。', 'pois': {'1': '我们的行程从五龙潭园区开始，这里泉水清澈见底，喷涌时如银龙腾空，周围古树参天，亭台楼阁点缀其间，是感受济南泉水文化的绝佳起点。', '16': '离开五龙潭，我们前往趵突泉景区，这里泉水喷涌的壮观景象令人叹为观止，古建筑群与泉水相映成趣，是济南最具代表性的景点。', '13': '沿着护城河漫步，我们来到黑虎泉，这里泉水从三个石雕虎头中喷涌而出，气势磅礴，周围市井气息浓厚，是体验老济南生活的好去处。', '8': '继续前行至大明湖景区，湖面波光粼粼，垂柳依依，亭台楼阁倒映水中，既有自然之美，又蕴含深厚的历史文化底蕴。', '15': '最后我们来到泉城广场，这里是济南的城市客厅，夜晚灯光璀璨，音乐喷泉与城市天际线交相辉映，为一天的行程画上完美句点。'}}","1, 2, 3, 4, 5, 6, 7, 8, 9, 10, 11, 12, 13, 14, 15, 16",http://127.0.0.1:5000/output/2025_06_09_18_19_zh.html,5,"[['如家酒店(大观园万达广场店)  |  星级：二星', '艺龙万国酒店(济南火车站大明湖景区店)  |  星级：三星'], ['如家酒店(大观园万达广场店)  |  星级：二星', '和颐至尚酒店(趵突泉店)  |  星级：四星'], ['尚客优酒店(泉城广场齐鲁医院店)  |  星级：二星', '汉庭酒店(济南泉城广场朝山街店)  |  星级：二星'], ['锦江之星酒店(济南大明湖店)  |  星级：二星', '和颐至尚酒店(趵突泉店)  |  星级：四星'], ['和颐至尚酒店(趵突泉店)  |  星级：四星', '汉庭酒店(趵突泉店)  |  星级：二星']]","[['春江饭店  |  地址：山东济南绿地中心共青团路56号（易捷便利店旁）  |  人均价格：105', '草包包子铺1937  |  地址：山东济南绿地中心普利街15号（近趵突泉）  |  人均价格：35'], ['草包包子铺1937  |  地址：山东济南绿地中心普利街15号（近趵突泉）  |  人均价格：35', '春江饭店  |  地址：山东济南绿地中心共青团路56号（易捷便利店旁）  |  人均价格：105'], ['福利来酒店  |  地址：山东济南泉城广场/银座新天地泺源大街68号  |  人均价格：130', '济南玉泉森信大酒店-中餐厅  |  地址：山东济南泉城广场/银座新天地泺源大街68号玉泉森信大酒店(近银座商城)  |  人均价格：127'], ['锦一味炒鸡  |  地址：山东济南北园大街北关北路二号  |  人均价格：77', '明湖楼·精致鲁菜  |  地址：山东济南大明湖明湖北路271号大明湖公园北门内  |  人均价格：85'], ['关帝庙蜜脂园  |  地址：山东济南趵突泉共青团路3号五龙潭公园西侧关帝庙  |  人均价格：141', '金三杯酒家  |  地址：山东济南大明湖趵突泉北路12号三联大厦11楼  |  人均价格：72']]"
2025-06-09,"{'itinerary': '泉城广场->济南市环城公园->黑虎泉->趵突泉景区->五龙潭园区', '总体理由': '这条路线融合了济南的泉水文化与城市风光，从繁华广场到宁静公园，再到历史名泉，体验丰富而紧凑。', 'pois': {'1': '我们的行程从泉城广场开始，这座城市的标志性地标将现代繁华与传统韵味完美融合。广场上喷泉与绿植相映成趣，夜晚灯光璀璨时尤其迷人。', '2': ""沿着护城河漫步，环城公园如同一条翡翠项链环绕老城。亭台楼阁点缀其间，是感受济南'城在园中'特色的绝佳去处。"", '3': '黑虎泉三个兽首日夜喷涌，泉水击石声如虎啸。这里不仅能触摸到流动的泉水，还能在非遗工坊体验传统手作。', '16': '趵突泉三股水柱腾空而起，阳光下晶莹剔透。泉边白雪楼茶香袅袅，听着山东快书，最是济南风味。', '15': '五龙潭的泉群如碧玉散落，秦琼祠讲述着千年传说。春日樱花纷飞时，这里就是泉城最美的明信片。'}}","1, 2, 3, 4, 5, 6, 7, 8, 9, 10, 11, 12, 13, 14, 15, 16",http://127.0.0.1:5000/output/2025_06_09_19_04_zh.html,5,"[['和颐至尚酒店(趵突泉店)  |  星级：四星', '汉庭酒店(趵突泉店)  |  星级：二星'], ['汉庭酒店(趵突泉店)  |  星级：二星', '如家酒店(泉城路芙蓉街店)  |  星级：二星'], ['尚客优酒店(泉城广场齐鲁医院店)  |  星级：二星', '汉庭酒店(济南泉城广场朝山街店)  |  星级：二星'], ['如家酒店(大观园万达广场店)  |  星级：二星', '和颐至尚酒店(趵突泉店)  |  星级：四星'], ['如家酒店(大观园万达广场店)  |  星级：二星', '艺龙万国酒店(济南火车站大明湖景区店)  |  星级：三星']]","[['关帝庙蜜脂园  |  地址：山东济南趵突泉共青团路3号五龙潭公园西侧关帝庙  |  人均价格：141', '金三杯酒家  |  地址：山东济南大明湖趵突泉北路12号三联大厦11楼  |  人均价格：72'], ['闫府私房菜·百年鲁菜  |  地址：山东济南恒隆广场泉城路188号恒隆广场东翼4层416A  |  人均价格：78', '会仙楼饭庄  |  地址：山东济南芙蓉街芙蓉街103号  |  人均价格：97'], ['福利来酒店  |  地址：山东济南泉城广场/银座新天地泺源大街68号  |  人均价格：130', '济南玉泉森信大酒店-中餐厅  |  地址：山东济南泉城广场/银座新天地泺源大街68号玉泉森信大酒店(近银座商城)  |  人均价格：127'], ['草包包子铺1937  |  地址：山东济南绿地中心普利街15号（近趵突泉）  |  人均价格：35', '春江饭店  |  地址：山东济南绿地中心共青团路56号（易捷便利店旁）  |  人均价格：105'], ['春江饭店  |  地址：山东济南绿地中心共青团路56号（易捷便利店旁）  |  人均价格：105', '草包包子铺1937  |  地址：山东济南绿地中心普利街15号（近趵突泉）  |  人均价格：35']]"
2025-06-09,"{'itinerary': '趵突泉景区->泉城广场->黑虎泉->曲水亭风景区->百花洲->大明湖景区', '总体理由': '这条路线完美融合了济南的泉水文化、历史韵味与现代繁华，让您在短时间内领略泉城的精华。', 'pois': {'17': '我们的行程从趵突泉景区开始，这里泉水喷涌如珠，气势磅礴，是济南的灵魂所在。漫步古建筑间，仿佛穿越时空，感受千年泉水的脉动。', '16': '离开趵突泉，来到泉城广场。这里是现代济南的象征，夜晚灯光璀璨，喷泉舞动，传统与现代在此完美交融。', '14': '沿着护城河漫步，黑虎泉的虎头雕塑威武生动。泉水清澈见底，看当地居民打水的生活场景，体验最地道的泉水文化。', '5': '转入曲水亭街，青石板路两侧是古朴的老建筑。小桥流水间，茶馆飘香，仿佛走进了老济南的市井画卷。', '7': '百花洲畔，垂柳依依。这里曾是文人雅士聚集地，如今依然保留着那份诗意与宁静，适合慢慢品味。', '8': '最后来到大明湖，湖面如镜，倒映着超然楼的倩影。乘船游湖，或在湖畔茶社小憩，都是结束一天行程的完美方式。'}}","1, 2, 3, 4, 5, 6, 7, 8, 9, 10, 11, 12, 13, 14, 15, 16, 17",http://127.0.0.1:5000/output/2025_06_09_19_08_zh.html,4,"[['如家酒店(大观园万达广场店)  |  星级：二星', '和颐至尚酒店(趵突泉店)  |  星级：四星'], ['和颐至尚酒店(趵突泉店)  |  星级：四星', '汉庭酒店(趵突泉店)  |  星级：二星'], ['尚客优酒店(泉城广场齐鲁医院店)  |  星级：二星', '汉庭酒店(济南泉城广场朝山街店)  |  星级：二星'], ['和颐至尚酒店(趵突泉店)  |  星级：四星', '汉庭酒店(趵突泉店)  |  星级：二星'], ['和颐至尚酒店(趵突泉店)  |  星级：四星', '汉庭酒店(趵突泉店)  |  星级：二星'], ['锦江之星酒店(济南大明湖店)  |  星级：二星', '和颐至尚酒店(趵突泉店)  |  星级：四星']]","[['草包包子铺1937  |  地址：山东济南绿地中心普利街15号（近趵突泉）  |  人均价格：35', '春江饭店  |  地址：山东济南绿地中心共青团路56号（易捷便利店旁）  |  人均价格：105'], ['关帝庙蜜脂园  |  地址：山东济南趵突泉共青团路3号五龙潭公园西侧关帝庙  |  人均价格：141', '金三杯酒家  |  地址：山东济南大明湖趵突泉北路12号三联大厦11楼  |  人均价格：72'], ['福利来酒店  |  地址：山东济南泉城广场/银座新天地泺源大街68号  |  人均价格：130', '济南玉泉森信大酒店-中餐厅  |  地址：山东济南泉城广场/银座新天地泺源大街68号玉泉森信大酒店(近银座商城)  |  人均价格：127'], ['老济南的味道特色菜馆  |  地址：山东济南大明湖泉城路街道辘轳把子街20号  |  人均价格：71', '金三杯酒家  |  地址：山东济南大明湖趵突泉北路12号三联大厦11楼  |  人均价格：72'], ['老济南的味道特色菜馆  |  地址：山东济南大明湖泉城路街道辘轳把子街20号  |  人均价格：71', '春水锅贴·传统鲁菜  |  地址：山东济南大明湖花店街25号  |  人均价格：76'], ['锦一味炒鸡  |  地址：山东济南北园大街北关北路二号  |  人均价格：77', '明湖楼·精致鲁菜  |  地址：山东济南大明湖明湖北路271号大明湖公园北门内  |  人均价格：85']]"
2025-06-09,"{'itinerary': '趵突泉景区->五龙潭园区->大明湖景区->百花洲->曲水亭风景区', '总体理由': '这条路线串联了济南最著名的泉水景观与历史文化街区，让游客在一天内深度体验泉城的魅力。', 'pois': {'16': ""趵突泉景区是济南的标志性景点，泉水喷涌的壮观景象令人叹为观止。这里不仅能欣赏到'天下第一泉'的雄姿，还能感受到深厚的泉水文化底蕴。"", '15': '五龙潭园区以其迷人的泉水景观闻名，五个泉眼如五龙吐水般生动。园区内古树参天，亭台楼阁点缀其间，是感受济南泉水文化的绝佳去处。', '7': ""大明湖景区风光秀丽，湖面如镜，倒映着周围的亭台楼阁。这里不仅能欣赏湖光山色，还能体验济南传统的泉水文化，感受'一城山色半城湖'的意境。"", '8': '百花洲是济南最具韵味的休闲街区，青石板路两旁是保存完好的老建筑。漫步其中，仿佛穿越时空，回到了老济南的市井生活场景。', '9': '曲水亭风景区是济南历史文化特色老街，小桥流水人家，处处透着江南水乡的韵味。这里能感受到最地道的济南生活气息和传统文化氛围。'}}","1, 2, 3, 4, 5, 6, 7, 8, 9, 10, 11, 12, 13, 14, 15, 16",http://127.0.0.1:5000/output/2025_06_09_19_10_zh.html,5,"[['如家酒店(大观园万达广场店)  |  星级：二星', '和颐至尚酒店(趵突泉店)  |  星级：四星'], ['如家酒店(大观园万达广场店)  |  星级：二星', '艺龙万国酒店(济南火车站大明湖景区店)  |  星级：三星'], ['锦江之星酒店(济南大明湖店)  |  星级：二星', '和颐至尚酒店(趵突泉店)  |  星级：四星'], ['和颐至尚酒店(趵突泉店)  |  星级：四星', '汉庭酒店(趵突泉店)  |  星级：二星'], ['和颐至尚酒店(趵突泉店)  |  星级：四星', '汉庭酒店(趵突泉店)  |  星级：二星']]","[['草包包子铺1937  |  地址：山东济南绿地中心普利街15号（近趵突泉）  |  人均价格：35', '春江饭店  |  地址：山东济南绿地中心共青团路56号（易捷便利店旁）  |  人均价格：105'], ['春江饭店  |  地址：山东济南绿地中心共青团路56号（易捷便利店旁）  |  人均价格：105', '草包包子铺1937  |  地址：山东济南绿地中心普利街15号（近趵突泉）  |  人均价格：35'], ['锦一味炒鸡  |  地址：山东济南北园大街北关北路二号  |  人均价格：77', '明湖楼·精致鲁菜  |  地址：山东济南大明湖明湖北路271号大明湖公园北门内  |  人均价格：85'], ['老济南的味道特色菜馆  |  地址：山东济南大明湖泉城路街道辘轳把子街20号  |  人均价格：71', '春水锅贴·传统鲁菜  |  地址：山东济南大明湖花店街25号  |  人均价格：76'], ['老济南的味道特色菜馆  |  地址：山东济南大明湖泉城路街道辘轳把子街20号  |  人均价格：71', '金三杯酒家  |  地址：山东济南大明湖趵突泉北路12号三联大厦11楼  |  人均价格：72']]"
2025-06-09,"{'itinerary': '五龙潭园区->趵突泉景区->黑虎泉->珍珠泉->大明湖景区', '总体理由': '一日游行程精选济南五大名泉，感受泉水文化与历史底蕴，体验自然与人文的完美融合。', 'pois': {'1': '我们的行程从五龙潭园区开始，这里泉水喷涌，古树参天，仿佛置身于一幅水墨画中，感受济南泉水的灵动与历史的厚重。', '6': '离开五龙潭，我们来到黑虎泉，泉水清澈见底，虎头喷涌的泉水声如虎啸，让人不禁驻足聆听这自然的交响乐。', '7': '沿着泉水小径漫步，珍珠泉映入眼帘，池底涌出的气泡如珍珠般晶莹剔透，阳光下闪烁着迷人的光芒，让人流连忘返。', '10': '最后抵达大明湖景区，湖光山色交相辉映，泛舟湖上，感受济南的泉水文化与自然美景的完美结合。', '16': '接着前往趵突泉景区，泉水喷涌的壮丽景象令人震撼，古建筑与泉水相映成趣，是济南泉水文化的标志性景点。'}}","1, 2, 3, 4, 5, 6, 7, 8, 9, 10, 11, 12, 13, 14, 15, 16",http://127.0.0.1:5000/output/2025_06_09_19_13_zh.html,5,"[['如家酒店(大观园万达广场店)  |  星级：二星', '艺龙万国酒店(济南火车站大明湖景区店)  |  星级：三星'], ['尚客优酒店(泉城广场齐鲁医院店)  |  星级：二星', '汉庭酒店(济南泉城广场朝山街店)  |  星级：二星'], ['格林豪泰智选酒店(芙蓉街趵突泉泉城广场店）  |  星级：二星', '如家酒店(泉城路芙蓉街店)  |  星级：二星'], ['锦江之星酒店(济南大明湖店)  |  星级：二星', '和颐至尚酒店(趵突泉店)  |  星级：四星'], ['如家酒店(大观园万达广场店)  |  星级：二星', '和颐至尚酒店(趵突泉店)  |  星级：四星']]","[['春江饭店  |  地址：山东济南绿地中心共青团路56号（易捷便利店旁）  |  人均价格：105', '草包包子铺1937  |  地址：山东济南绿地中心普利街15号（近趵突泉）  |  人均价格：35'], ['福利来酒店  |  地址：山东济南泉城广场/银座新天地泺源大街68号  |  人均价格：130', '济南玉泉森信大酒店-中餐厅  |  地址：山东济南泉城广场/银座新天地泺源大街68号玉泉森信大酒店(近银座商城)  |  人均价格：127'], ['老济南的味道特色菜馆  |  地址：山东济南大明湖泉城路街道辘轳把子街20号  |  人均价格：71', '明湖楼·精致鲁菜  |  地址：山东济南大明湖明湖北路271号大明湖公园北门内  |  人均价格：85'], ['锦一味炒鸡  |  地址：山东济南北园大街北关北路二号  |  人均价格：77', '明湖楼·精致鲁菜  |  地址：山东济南大明湖明湖北路271号大明湖公园北门内  |  人均价格：85'], ['草包包子铺1937  |  地址：山东济南绿地中心普利街15号（近趵突泉）  |  人均价格：35', '春江饭店  |  地址：山东济南绿地中心共青团路56号（易捷便利店旁）  |  人均价格：105']]"
2025-06-09,"{'itinerary': '泉城广场->济南市环城公园->黑虎泉->趵突泉景区->曲水亭风景区->大明湖景区', '总体理由': '这条路线融合了济南的泉水文化、历史建筑与现代繁华，适合家庭与文化爱好者。', 'pois': {'1': '泉城广场，济南的心脏地带，现代与传统在此交织。广场上喷泉与绿植相映成趣，夜晚灯光璀璨，是感受城市活力的绝佳地点。', '2': '济南市环城公园，城市的绿肺，漫步其中仿佛置身于一幅流动的山水画。古老的城墙与现代的园林设计完美融合，宁静而优雅。', '3': '黑虎泉，泉水从石雕虎头中喷涌而出，清澈见底。周围古建筑林立，非遗手工体验让游客更深入感受济南的泉水文化。', '16': '趵突泉景区，济南的标志性景点，泉水喷涌的壮观景象令人叹为观止。古建筑与泉水相得益彰，传统戏曲表演更添文化韵味。', '8': '曲水亭风景区，老济南的缩影，青石板路与古色古香的建筑让人仿佛穿越时空。小桥流水间，尽显江南水乡的韵味。', '10': '大明湖景区，天然泉水湖公园，湖光山色美不胜收。传统戏曲表演与深厚的文化底蕴，让游客在休闲中感受济南的历史。'}}","1, 2, 3, 4, 5, 6, 7, 8, 9, 10, 11, 12, 13, 14, 15, 16",http://127.0.0.1:5000/output/2025_06_09_19_14_zh.html,4,"[['和颐至尚酒店(趵突泉店)  |  星级：四星', '汉庭酒店(趵突泉店)  |  星级：二星'], ['汉庭酒店(趵突泉店)  |  星级：二星', '如家酒店(泉城路芙蓉街店)  |  星级：二星'], ['尚客优酒店(泉城广场齐鲁医院店)  |  星级：二星', '汉庭酒店(济南泉城广场朝山街店)  |  星级：二星'], ['如家酒店(大观园万达广场店)  |  星级：二星', '和颐至尚酒店(趵突泉店)  |  星级：四星'], ['和颐至尚酒店(趵突泉店)  |  星级：四星', '汉庭酒店(趵突泉店)  |  星级：二星'], ['锦江之星酒店(济南大明湖店)  |  星级：二星', '和颐至尚酒店(趵突泉店)  |  星级：四星']]","[['关帝庙蜜脂园  |  地址：山东济南趵突泉共青团路3号五龙潭公园西侧关帝庙  |  人均价格：141', '金三杯酒家  |  地址：山东济南大明湖趵突泉北路12号三联大厦11楼  |  人均价格：72'], ['闫府私房菜·百年鲁菜  |  地址：山东济南恒隆广场泉城路188号恒隆广场东翼4层416A  |  人均价格：78', '会仙楼饭庄  |  地址：山东济南芙蓉街芙蓉街103号  |  人均价格：97'], ['福利来酒店  |  地址：山东济南泉城广场/银座新天地泺源大街68号  |  人均价格：130', '济南玉泉森信大酒店-中餐厅  |  地址：山东济南泉城广场/银座新天地泺源大街68号玉泉森信大酒店(近银座商城)  |  人均价格：127'], ['草包包子铺1937  |  地址：山东济南绿地中心普利街15号（近趵突泉）  |  人均价格：35', '春江饭店  |  地址：山东济南绿地中心共青团路56号（易捷便利店旁）  |  人均价格：105'], ['老济南的味道特色菜馆  |  地址：山东济南大明湖泉城路街道辘轳把子街20号  |  人均价格：71', '金三杯酒家  |  地址：山东济南大明湖趵突泉北路12号三联大厦11楼  |  人均价格：72'], ['锦一味炒鸡  |  地址：山东济南北园大街北关北路二号  |  人均价格：77', '明湖楼·精致鲁菜  |  地址：山东济南大明湖明湖北路271号大明湖公园北门内  |  人均价格：85']]"
2025-06-09,"{'itinerary': '趵突泉景区->泉城广场->黑虎泉->曲水亭风景区->百花洲->大明湖景区', '总体理由': '这条路线融合了济南的泉水文化、历史街区与现代地标，让游客在短时间内体验济南的精华。', 'pois': {'17': '趵突泉景区是济南的标志性景点，泉水喷涌的壮观景象令人叹为观止，古建筑与泉水文化相得益彰。', '16': '泉城广场作为济南的地标，现代与传统的完美融合，夜晚的灯光秀更是璀璨夺目。', '14': '黑虎泉清澈的泉水和古朴的建筑，让人仿佛穿越回老济南，感受泉水文化的独特魅力。', '5': '曲水亭街区的青石板路与老建筑，漫步其中仿佛能听到历史的低语，感受老济南的市井生活。', '7': '百花洲的宁静与祥和，古建筑与自然景观的完美结合，是放松身心的好去处。', '8': '大明湖的湖光山色与深厚的历史文化底蕴，让人流连忘返，是济南不可错过的景点。'}}","1, 2, 3, 4, 5, 6, 7, 8, 9, 10, 11, 12, 13, 14, 15, 16, 17",http://127.0.0.1:5000/output/2025_06_09_19_20_zh.html,4,"[['如家酒店(大观园万达广场店)  |  星级：二星', '和颐至尚酒店(趵突泉店)  |  星级：四星'], ['和颐至尚酒店(趵突泉店)  |  星级：四星', '汉庭酒店(趵突泉店)  |  星级：二星'], ['尚客优酒店(泉城广场齐鲁医院店)  |  星级：二星', '汉庭酒店(济南泉城广场朝山街店)  |  星级：二星'], ['和颐至尚酒店(趵突泉店)  |  星级：四星', '汉庭酒店(趵突泉店)  |  星级：二星'], ['和颐至尚酒店(趵突泉店)  |  星级：四星', '汉庭酒店(趵突泉店)  |  星级：二星'], ['锦江之星酒店(济南大明湖店)  |  星级：二星', '和颐至尚酒店(趵突泉店)  |  星级：四星']]","[['草包包子铺1937  |  地址：山东济南绿地中心普利街15号（近趵突泉）  |  人均价格：35', '春江饭店  |  地址：山东济南绿地中心共青团路56号（易捷便利店旁）  |  人均价格：105'], ['关帝庙蜜脂园  |  地址：山东济南趵突泉共青团路3号五龙潭公园西侧关帝庙  |  人均价格：141', '金三杯酒家  |  地址：山东济南大明湖趵突泉北路12号三联大厦11楼  |  人均价格：72'], ['福利来酒店  |  地址：山东济南泉城广场/银座新天地泺源大街68号  |  人均价格：130', '济南玉泉森信大酒店-中餐厅  |  地址：山东济南泉城广场/银座新天地泺源大街68号玉泉森信大酒店(近银座商城)  |  人均价格：127'], ['老济南的味道特色菜馆  |  地址：山东济南大明湖泉城路街道辘轳把子街20号  |  人均价格：71', '金三杯酒家  |  地址：山东济南大明湖趵突泉北路12号三联大厦11楼  |  人均价格：72'], ['老济南的味道特色菜馆  |  地址：山东济南大明湖泉城路街道辘轳把子街20号  |  人均价格：71', '春水锅贴·传统鲁菜  |  地址：山东济南大明湖花店街25号  |  人均价格：76'], ['锦一味炒鸡  |  地址：山东济南北园大街北关北路二号  |  人均价格：77', '明湖楼·精致鲁菜  |  地址：山东济南大明湖明湖北路271号大明湖公园北门内  |  人均价格：85']]"
2025-06-09,"{'itinerary': '泉城广场->济南市环城公园->黑虎泉->趵突泉景区->五龙潭园区->大明湖景区', '总体理由': '这条路线融合了济南的泉水文化、自然景观与历史建筑，适合家庭出游，体验城市的繁华与宁静。', 'pois': {'1': '我们的行程从泉城广场开始，这里是济南市的显著标识，地标观景，自然景观与人文景观相结合，适合家庭出游，感受城市的繁华，欣赏美丽的夜景，体验现代与传统的融合。', '2': '离开泉城广场，我们继续前往济南市环城公园，园林建筑优美典雅，自然景观与人文景观相结合，适合家庭出游，感受城市的绿肺，享受自然的宁静。', '3': '沿着环城公园的小路，我们来到黑虎泉，济南四大名泉之一，泉水清澈见底，自然景观优美，适合家庭出游，体验泉水文化，参与非遗手工制作，欣赏古建筑，感受济南泉水的独特魅力。', '17': '从黑虎泉出发，我们前往趵突泉景区，泉水喷发壮丽，历史文化悠久，自然景观与人文景观相结合，适合家庭出游，体验泉水文化，欣赏古建筑，感受济南泉水的独特魅力，是济南的标志性景点之一。', '16': '离开趵突泉，我们来到五龙潭园区，景色迷人的泉水公园，自然景观与人文景观相结合，适合家庭出游，欣赏泉水喷发的壮丽景象，感受历史文化，体验自然与文化的融合。', '9': '最后，我们抵达大明湖景区，风光秀美的天然泉水湖公园，适合踏青和休闲，历史文化底蕴深厚，自然景观与人文景观相结合，适合家庭出游，欣赏湖光山色，欣赏传统戏曲表演，感受济南的泉水文化。'}}","1, 2, 3, 4, 5, 6, 7, 8, 9, 10, 11, 12, 13, 14, 15, 16, 17",http://127.0.0.1:5000/output/2025_06_09_19_23_zh.html,4,"[['和颐至尚酒店(趵突泉店)  |  星级：四星', '汉庭酒店(趵突泉店)  |  星级：二星'], ['汉庭酒店(趵突泉店)  |  星级：二星', '如家酒店(泉城路芙蓉街店)  |  星级：二星'], ['尚客优酒店(泉城广场齐鲁医院店)  |  星级：二星', '汉庭酒店(济南泉城广场朝山街店)  |  星级：二星'], ['如家酒店(大观园万达广场店)  |  星级：二星', '和颐至尚酒店(趵突泉店)  |  星级：四星'], ['如家酒店(大观园万达广场店)  |  星级：二星', '艺龙万国酒店(济南火车站大明湖景区店)  |  星级：三星'], ['锦江之星酒店(济南大明湖店)  |  星级：二星', '和颐至尚酒店(趵突泉店)  |  星级：四星']]","[['关帝庙蜜脂园  |  地址：山东济南趵突泉共青团路3号五龙潭公园西侧关帝庙  |  人均价格：141', '金三杯酒家  |  地址：山东济南大明湖趵突泉北路12号三联大厦11楼  |  人均价格：72'], ['闫府私房菜·百年鲁菜  |  地址：山东济南恒隆广场泉城路188号恒隆广场东翼4层416A  |  人均价格：78', '会仙楼饭庄  |  地址：山东济南芙蓉街芙蓉街103号  |  人均价格：97'], ['福利来酒店  |  地址：山东济南泉城广场/银座新天地泺源大街68号  |  人均价格：130', '济南玉泉森信大酒店-中餐厅  |  地址：山东济南泉城广场/银座新天地泺源大街68号玉泉森信大酒店(近银座商城)  |  人均价格：127'], ['草包包子铺1937  |  地址：山东济南绿地中心普利街15号（近趵突泉）  |  人均价格：35', '春江饭店  |  地址：山东济南绿地中心共青团路56号（易捷便利店旁）  |  人均价格：105'], ['春江饭店  |  地址：山东济南绿地中心共青团路56号（易捷便利店旁）  |  人均价格：105', '草包包子铺1937  |  地址：山东济南绿地中心普利街15号（近趵突泉）  |  人均价格：35'], ['锦一味炒鸡  |  地址：山东济南北园大街北关北路二号  |  人均价格：77', '明湖楼·精致鲁菜  |  地址：山东济南大明湖明湖北路271号大明湖公园北门内  |  人均价格：85']]"
2025-06-09,"{'itinerary': '泉城广场->济南市环城公园->黑虎泉->趵突泉景区->五龙潭园区->大明湖景区', '总体理由': '这条路线融合了济南的泉水文化、自然景观与历史建筑，让游客在漫步中感受城市的繁华与宁静。', 'pois': {'1': '我们的行程从泉城广场开始，这里是济南的地标，现代与传统在此交融，夜晚的灯光更是璀璨夺目。', '2': '离开泉城广场，漫步至环城公园，绿树成荫，湖水清澈，是城市中的一片宁静绿洲。', '3': '沿着公园小径，来到黑虎泉，泉水清澈见底，古建筑环绕，仿佛能听到历史的低语。', '17': '继续前行至趵突泉，泉水喷涌的壮丽景象令人叹为观止，这里是济南泉水文化的象征。', '16': '离开趵突泉，来到五龙潭园区，泉水与古建筑相映成趣，漫步其中，感受自然与历史的和谐。', '9': '最后抵达大明湖景区，湖光山色间，传统戏曲的悠扬旋律为一天的行程画上完美句点。'}}","1, 2, 3, 4, 5, 6, 7, 8, 9, 10, 11, 12, 13, 14, 15, 16, 17",http://127.0.0.1:5000/output/2025_06_09_19_25_zh.html,6,"[['和颐至尚酒店(趵突泉店)  |  星级：四星', '汉庭酒店(趵突泉店)  |  星级：二星'], ['汉庭酒店(趵突泉店)  |  星级：二星', '如家酒店(泉城路芙蓉街店)  |  星级：二星'], ['尚客优酒店(泉城广场齐鲁医院店)  |  星级：二星', '汉庭酒店(济南泉城广场朝山街店)  |  星级：二星'], ['如家酒店(大观园万达广场店)  |  星级：二星', '和颐至尚酒店(趵突泉店)  |  星级：四星'], ['如家酒店(大观园万达广场店)  |  星级：二星', '艺龙万国酒店(济南火车站大明湖景区店)  |  星级：三星'], ['锦江之星酒店(济南大明湖店)  |  星级：二星', '和颐至尚酒店(趵突泉店)  |  星级：四星']]","[['关帝庙蜜脂园  |  地址：山东济南趵突泉共青团路3号五龙潭公园西侧关帝庙  |  人均价格：141', '金三杯酒家  |  地址：山东济南大明湖趵突泉北路12号三联大厦11楼  |  人均价格：72'], ['闫府私房菜·百年鲁菜  |  地址：山东济南恒隆广场泉城路188号恒隆广场东翼4层416A  |  人均价格：78', '会仙楼饭庄  |  地址：山东济南芙蓉街芙蓉街103号  |  人均价格：97'], ['福利来酒店  |  地址：山东济南泉城广场/银座新天地泺源大街68号  |  人均价格：130', '济南玉泉森信大酒店-中餐厅  |  地址：山东济南泉城广场/银座新天地泺源大街68号玉泉森信大酒店(近银座商城)  |  人均价格：127'], ['草包包子铺1937  |  地址：山东济南绿地中心普利街15号（近趵突泉）  |  人均价格：35', '春江饭店  |  地址：山东济南绿地中心共青团路56号（易捷便利店旁）  |  人均价格：105'], ['春江饭店  |  地址：山东济南绿地中心共青团路56号（易捷便利店旁）  |  人均价格：105', '草包包子铺1937  |  地址：山东济南绿地中心普利街15号（近趵突泉）  |  人均价格：35'], ['锦一味炒鸡  |  地址：山东济南北园大街北关北路二号  |  人均价格：77', '明湖楼·精致鲁菜  |  地址：山东济南大明湖明湖北路271号大明湖公园北门内  |  人均价格：85']]"
2025-06-09,"{'itinerary': '五龙潭园区->大观园->融汇济南老商埠->趵突泉景区->泉城广场->大明湖景区', '总体理由': '这条路线融合了济南的自然泉水风光与历史文化，适合家庭出游和文化爱好者，体验老济南的韵味与现代繁华。', 'pois': {'1': '我们的行程从五龙潭园区开始，这里泉水喷涌，景色迷人，自然与人文景观完美融合，适合全家出游，感受泉城的独特魅力。', '2': '离开五龙潭，我们来到大观园，这里的老商号与古建筑散发着浓厚的历史气息，夜晚的灯光更添韵味，适合文化爱好者细细品味。', '3': '沿着老街漫步，融汇济南老商埠展现着老济南的历史文化，古建筑的宁静与现代商业的繁华形成鲜明对比，值得一游。', '4': '趵突泉景区是济南的标志性景点，泉水喷涌的壮丽景象与悠久的历史文化相得益彰，适合家庭出游，感受泉水的独特魅力。', '5': '泉城广场是济南的地标，夜晚的灯光与喷泉表演令人流连忘返，现代与传统的融合在这里得到了完美体现。', '6': '最后我们来到大明湖景区，湖光山色与历史文化交相辉映，适合休闲漫步，感受济南的泉水文化与自然之美。'}}","1, 2, 3, 4, 5, 6, 7, 8, 9, 10, 11, 12, 13, 14, 15, 16, 17, 18",http://127.0.0.1:5000/output/2025_06_09_19_28_zh.html,4,"[['如家酒店(大观园万达广场店)  |  星级：二星', '艺龙万国酒店(济南火车站大明湖景区店)  |  星级：三星'], ['天地仁和连锁酒店(济南省立医院经四路店)  |  星级：二星', '全季酒店(和谐广场店)  |  星级：三星'], ['魔方酒店公寓(济南和谐广场店)  |  星级：二星', '天地仁和连锁酒店(济南省立医院经四路店)  |  星级：二星'], ['希岸Deluxe酒店(济南西站店）  |  星级：四星', '如家联盟华驿酒店(西客站店)  |  星级：二星'], ['希岸Deluxe酒店(济南西站店）  |  星级：四星', '汉庭优佳酒店(济南西站东广场店)  |  星级：三星'], ['悦舍民宿(济南九如山风景区店)  |  星级：三星', '济南观山望瀑民宿(九如山风景区店)  |  星级：二星']]","[['春江饭店  |  地址：山东济南绿地中心共青团路56号（易捷便利店旁）  |  人均价格：105', '草包包子铺1937  |  地址：山东济南绿地中心普利街15号（近趵突泉）  |  人均价格：35'], ['便宜坊  |  地址：山东济南大观园经三路93号  |  人均价格：98', '朝天锅  |  地址：山东济南大观园经四路391号  |  人均价格：89'], ['临沂小胡同炒鸡  |  地址：山东济南大观园经三路纬六路7号南楼底层东3户(近重庆烂豆花火锅)  |  人均价格：117', '朝天锅  |  地址：山东济南大观园经四路391号  |  人均价格：89'], ['鲁泉大酒店  |  地址：山东济南世购广场腊山街道经十西路176号(106医院)  |  人均价格：76', '真如意大酒店  |  地址：山东济南槐荫区匡山街道济齐路99号（匡山汽车大世界北门对面）  |  人均价格：80'], ['鲁泉大酒店  |  地址：山东济南世购广场腊山街道经十西路176号(106医院)  |  人均价格：76', '真如意大酒店  |  地址：山东济南槐荫区匡山街道济齐路99号（匡山汽车大世界北门对面）  |  人均价格：80'], ['虞山居  |  地址：山东济南历城区郭店街道曹家馆村委会1-2楼(虞山花园斜对面)  |  人均价格：68', '乐沃酒家  |  地址：山东济南南部山区沃营地内  |  人均价格：145']]"
2025-06-09,"{'itinerary': '趵突泉景区->五龙潭园区->大明湖景区->超然楼', '总体理由': '一日游行程精选济南四大名泉与湖光山色，感受泉水文化与历史建筑的交融。', 'pois': {'15': '趵突泉景区是济南的标志性景点，泉水喷涌如珠，古建筑环绕，历史文化底蕴深厚，适合体验泉水文化。', '14': '五龙潭园区景色迷人，泉水清澈见底，适合家庭出游，欣赏泉水喷发的壮丽景象。', '7': '大明湖景区风光秀美，湖光山色相映成趣，适合踏青休闲，感受济南的泉水文化。', '5': '超然楼始建于元代，登楼可俯瞰大明湖美景，感受古建筑的魅力与历史的厚重。'}}","1, 2, 3, 4, 5, 6, 7, 8, 9, 10, 11, 12, 13, 14, 15",http://127.0.0.1:5000/output/2025_06_09_19_30_zh.html,4,"[['如家酒店(大观园万达广场店)  |  星级：二星', '和颐至尚酒店(趵突泉店)  |  星级：四星'], ['如家酒店(大观园万达广场店)  |  星级：二星', '艺龙万国酒店(济南火车站大明湖景区店)  |  星级：三星'], ['锦江之星酒店(济南大明湖店)  |  星级：二星', '和颐至尚酒店(趵突泉店)  |  星级：四星'], ['格林豪泰智选酒店(芙蓉街趵突泉泉城广场店）  |  星级：二星', '锦江之星酒店(济南大明湖店)  |  星级：二星']]","[['草包包子铺1937  |  地址：山东济南绿地中心普利街15号（近趵突泉）  |  人均价格：35', '春江饭店  |  地址：山东济南绿地中心共青团路56号（易捷便利店旁）  |  人均价格：105'], ['春江饭店  |  地址：山东济南绿地中心共青团路56号（易捷便利店旁）  |  人均价格：105', '草包包子铺1937  |  地址：山东济南绿地中心普利街15号（近趵突泉）  |  人均价格：35'], ['锦一味炒鸡  |  地址：山东济南北园大街北关北路二号  |  人均价格：77', '明湖楼·精致鲁菜  |  地址：山东济南大明湖明湖北路271号大明湖公园北门内  |  人均价格：85'], ['明湖楼·精致鲁菜  |  地址：山东济南大明湖明湖北路271号大明湖公园北门内  |  人均价格：85', '老济南的味道特色菜馆  |  地址：山东济南大明湖泉城路街道辘轳把子街20号  |  人均价格：71']]"
2025-06-09,"{'itinerary': '趵突泉景区->五龙潭园区->曲水亭风景区->百花洲->大明湖景区', '总体理由': '一日游行程涵盖济南泉水文化、历史街区与湖光山色，感受老济南的韵味与现代活力。', 'pois': {'16': '趵突泉景区，济南的标志性景点之一。泉水喷涌如雪，气势磅礴，仿佛大地在低语。漫步古建筑间，聆听泉水千年的故事，感受这座城市的灵魂。', '4': '五龙潭园区，泉水与古亭相映成趣。五处清泉如龙吐珠，池面倒映着垂柳与飞檐，是闹市中难得的静谧之地。', '6': '曲水亭街，青石板路串联起老济南的风情。白墙黛瓦间飘着茶香，流水穿街而过，仿佛时光在此停驻。', '7': '百花洲，传统与现代交融的休闲街区。夜晚灯笼亮起时，古戏台传来咿呀的曲调，市井烟火气扑面而来。', '8': '大明湖景区，一城山色半城湖的精华所在。乘画舫掠过荷塘，远眺超然楼倒映碧波，体会济南独有的水韵悠长。'}}","1, 2, 3, 4, 5, 6, 7, 8, 9, 10, 11, 12, 13, 14, 15, 16",http://127.0.0.1:5000/output/2025_06_09_21_39_zh.html,5,"[['如家酒店(大观园万达广场店)  |  星级：二星', '和颐至尚酒店(趵突泉店)  |  星级：四星'], ['如家酒店(大观园万达广场店)  |  星级：二星', '艺龙万国酒店(济南火车站大明湖景区店)  |  星级：三星'], ['和颐至尚酒店(趵突泉店)  |  星级：四星', '汉庭酒店(趵突泉店)  |  星级：二星'], ['和颐至尚酒店(趵突泉店)  |  星级：四星', '汉庭酒店(趵突泉店)  |  星级：二星'], ['锦江之星酒店(济南大明湖店)  |  星级：二星', '和颐至尚酒店(趵突泉店)  |  星级：四星']]","[['草包包子铺1937  |  地址：山东济南绿地中心普利街15号（近趵突泉）  |  人均价格：35', '春江饭店  |  地址：山东济南绿地中心共青团路56号（易捷便利店旁）  |  人均价格：105'], ['春江饭店  |  地址：山东济南绿地中心共青团路56号（易捷便利店旁）  |  人均价格：105', '草包包子铺1937  |  地址：山东济南绿地中心普利街15号（近趵突泉）  |  人均价格：35'], ['老济南的味道特色菜馆  |  地址：山东济南大明湖泉城路街道辘轳把子街20号  |  人均价格：71', '金三杯酒家  |  地址：山东济南大明湖趵突泉北路12号三联大厦11楼  |  人均价格：72'], ['老济南的味道特色菜馆  |  地址：山东济南大明湖泉城路街道辘轳把子街20号  |  人均价格：71', '春水锅贴·传统鲁菜  |  地址：山东济南大明湖花店街25号  |  人均价格：76'], ['锦一味炒鸡  |  地址：山东济南北园大街北关北路二号  |  人均价格：77', '明湖楼·精致鲁菜  |  地址：山东济南大明湖明湖北路271号大明湖公园北门内  |  人均价格：85']]"
2025-06-11,"{'itinerary': '趵突泉景区->黑虎泉->珍珠泉->五龙潭园区', '总体理由': '一日游行程精选济南四大名泉，感受泉水文化的独特魅力与历史底蕴。', 'pois': {'3': '黑虎泉，泉水清澈见底，喷涌如虎啸，周围古建筑环绕，适合体验泉水文化与非遗手工制作。', '4': '珍珠泉，池底涌出如珍珠般气泡，宁静祥和，适合感受泉水独特魅力与古建筑之美。', '10': '五龙潭园区，泉水喷发壮丽，景色迷人，适合家庭出游，体验自然与文化的融合。', '15': '趵突泉景区，泉水喷涌壮观，历史文化悠久，是济南标志性景点，适合体验泉水文化与传统戏曲。'}}","1, 2, 3, 4, 5, 6, 7, 8, 9, 10, 11, 12, 13, 14, 15",http://127.0.0.1:5000/output/2025_06_11_22_37_zh.html,4,"[['尚客优酒店(泉城广场齐鲁医院店)  |  星级：二星', '汉庭酒店(济南泉城广场朝山街店)  |  星级：二星'], ['格林豪泰智选酒店(芙蓉街趵突泉泉城广场店）  |  星级：二星', '如家酒店(泉城路芙蓉街店)  |  星级：二星'], ['如家酒店(大观园万达广场店)  |  星级：二星', '艺龙万国酒店(济南火车站大明湖景区店)  |  星级：三星'], ['如家酒店(大观园万达广场店)  |  星级：二星', '和颐至尚酒店(趵突泉店)  |  星级：四星']]","[['福利来酒店  |  地址：山东济南泉城广场/银座新天地泺源大街68号  |  人均价格：130', '济南玉泉森信大酒店-中餐厅  |  地址：山东济南泉城广场/银座新天地泺源大街68号玉泉森信大酒店(近银座商城)  |  人均价格：127'], ['老济南的味道特色菜馆  |  地址：山东济南大明湖泉城路街道辘轳把子街20号  |  人均价格：71', '明湖楼·精致鲁菜  |  地址：山东济南大明湖明湖北路271号大明湖公园北门内  |  人均价格：85'], ['春江饭店  |  地址：山东济南绿地中心共青团路56号（易捷便利店旁）  |  人均价格：105', '草包包子铺1937  |  地址：山东济南绿地中心普利街15号（近趵突泉）  |  人均价格：35'], ['草包包子铺1937  |  地址：山东济南绿地中心普利街15号（近趵突泉）  |  人均价格：35', '春江饭店  |  地址：山东济南绿地中心共青团路56号（易捷便利店旁）  |  人均价格：105']]"
2025-06-11,"{'itinerary': '趵突泉景区->五龙潭园区->大明湖景区->超然楼', '总体理由': '一日游行程精选济南四大名泉与湖光山色，感受泉水文化与历史建筑的完美融合。', 'pois': {'15': '趵突泉景区，泉水喷涌如珠，气势磅礴。漫步其间，仿佛能听见历史的低语，感受济南泉水文化的千年魅力。', '5': '五龙潭园区，泉水清澈见底，古树参天。这里不仅是自然的馈赠，更是历史与文化的交汇点，适合静心感受。', '9': '大明湖景区，湖光山色相映成趣，游船穿梭其间。这里是济南的明珠，既有自然之美，也有深厚的文化底蕴。', '10': '超然楼，始建于元代，登楼远眺，大明湖美景尽收眼底。古建筑与现代景观的完美结合，令人流连忘返。'}}","1, 2, 3, 4, 5, 6, 7, 8, 9, 10, 11, 12, 13, 14, 15",http://127.0.0.1:5000/output/2025_06_11_22_38_zh.html,4,"[['如家酒店(大观园万达广场店)  |  星级：二星', '和颐至尚酒店(趵突泉店)  |  星级：四星'], ['如家酒店(大观园万达广场店)  |  星级：二星', '艺龙万国酒店(济南火车站大明湖景区店)  |  星级：三星'], ['锦江之星酒店(济南大明湖店)  |  星级：二星', '和颐至尚酒店(趵突泉店)  |  星级：四星'], ['格林豪泰智选酒店(芙蓉街趵突泉泉城广场店）  |  星级：二星', '锦江之星酒店(济南大明湖店)  |  星级：二星']]","[['草包包子铺1937  |  地址：山东济南绿地中心普利街15号（近趵突泉）  |  人均价格：35', '春江饭店  |  地址：山东济南绿地中心共青团路56号（易捷便利店旁）  |  人均价格：105'], ['春江饭店  |  地址：山东济南绿地中心共青团路56号（易捷便利店旁）  |  人均价格：105', '草包包子铺1937  |  地址：山东济南绿地中心普利街15号（近趵突泉）  |  人均价格：35'], ['锦一味炒鸡  |  地址：山东济南北园大街北关北路二号  |  人均价格：77', '明湖楼·精致鲁菜  |  地址：山东济南大明湖明湖北路271号大明湖公园北门内  |  人均价格：85'], ['明湖楼·精致鲁菜  |  地址：山东济南大明湖明湖北路271号大明湖公园北门内  |  人均价格：85', '老济南的味道特色菜馆  |  地址：山东济南大明湖泉城路街道辘轳把子街20号  |  人均价格：71']]"
2025-06-12,"{'itinerary': '趵突泉景区->五龙潭园区->大明湖景区->泉城广场', '总体理由': '这条路线串联了济南最著名的泉水景观和城市地标，让游客在短时间内深度体验泉城的魅力。', 'pois': {'1': '五龙潭园区是济南的一颗明珠，泉水清澈见底，喷涌时如银龙腾空。漫步其间，古树参天，亭台楼阁点缀其中，仿佛穿越回千年前的泉城。', '6': '大明湖景区是济南的明珠，湖面如镜，倒映着岸边的垂柳和古建筑。这里不仅有秀丽的自然风光，还蕴含着深厚的历史文化底蕴。', '15': '泉城广场是济南的城市客厅，现代建筑与传统元素完美融合。夜晚灯光璀璨，喷泉随着音乐起舞，展现着这座城市的活力与魅力。', '16': '趵突泉景区是济南的灵魂所在，三股泉水喷涌而出，气势磅礴。这里不仅有壮观的泉水景观，还有众多历史建筑，讲述着济南的泉水文化故事。'}}","1, 2, 3, 4, 5, 6, 7, 8, 9, 10, 11, 12, 13, 14, 15, 16",http://127.0.0.1:5000/output/2025_06_12_13_50_zh.html,4,"[['如家酒店(大观园万达广场店)  |  星级：二星', '艺龙万国酒店(济南火车站大明湖景区店)  |  星级：三星'], ['锦江之星酒店(济南大明湖店)  |  星级：二星', '和颐至尚酒店(趵突泉店)  |  星级：四星'], ['和颐至尚酒店(趵突泉店)  |  星级：四星', '汉庭酒店(趵突泉店)  |  星级：二星'], ['如家酒店(大观园万达广场店)  |  星级：二星', '和颐至尚酒店(趵突泉店)  |  星级：四星']]","[['春江饭店  |  地址：山东济南绿地中心共青团路56号（易捷便利店旁）  |  人均价格：105', '草包包子铺1937  |  地址：山东济南绿地中心普利街15号（近趵突泉）  |  人均价格：35'], ['锦一味炒鸡  |  地址：山东济南北园大街北关北路二号  |  人均价格：77', '明湖楼·精致鲁菜  |  地址：山东济南大明湖明湖北路271号大明湖公园北门内  |  人均价格：85'], ['关帝庙蜜脂园  |  地址：山东济南趵突泉共青团路3号五龙潭公园西侧关帝庙  |  人均价格：141', '金三杯酒家  |  地址：山东济南大明湖趵突泉北路12号三联大厦11楼  |  人均价格：72'], ['草包包子铺1937  |  地址：山东济南绿地中心普利街15号（近趵突泉）  |  人均价格：35', '春江饭店  |  地址：山东济南绿地中心共青团路56号（易捷便利店旁）  |  人均价格：105']]"
2025-06-12,"{'itinerary': '趵突泉景区->黑虎泉->曲水亭风景区->大明湖景区', '总体理由': '一日游行程精选济南四大名泉与历史文化街区，感受泉水文化与老城韵味。', 'pois': {'3': '黑虎泉，泉水清澈见底，喷涌如虎啸，周围古建筑环绕，是体验济南泉水文化的绝佳地点。', '5': '曲水亭风景区，漫步青石板路，两旁是古色古香的老建筑，仿佛穿越回老济南的悠闲时光。', '9': '大明湖景区，湖光山色间点缀着亭台楼阁，是济南的标志性景观，适合休闲漫步。', '15': '趵突泉景区，泉水喷涌壮观，历史悠久，是济南的标志性景点，感受泉水文化的精髓。'}}","1, 2, 3, 4, 5, 6, 7, 8, 9, 10, 11, 12, 13, 14, 15",http://127.0.0.1:5000/output/2025_06_12_13_55_zh.html,4,"[['尚客优酒店(泉城广场齐鲁医院店)  |  星级：二星', '汉庭酒店(济南泉城广场朝山街店)  |  星级：二星'], ['和颐至尚酒店(趵突泉店)  |  星级：四星', '汉庭酒店(趵突泉店)  |  星级：二星'], ['锦江之星酒店(济南大明湖店)  |  星级：二星', '和颐至尚酒店(趵突泉店)  |  星级：四星'], ['如家酒店(大观园万达广场店)  |  星级：二星', '和颐至尚酒店(趵突泉店)  |  星级：四星']]","[['福利来酒店  |  地址：山东济南泉城广场/银座新天地泺源大街68号  |  人均价格：130', '济南玉泉森信大酒店-中餐厅  |  地址：山东济南泉城广场/银座新天地泺源大街68号玉泉森信大酒店(近银座商城)  |  人均价格：127'], ['老济南的味道特色菜馆  |  地址：山东济南大明湖泉城路街道辘轳把子街20号  |  人均价格：71', '金三杯酒家  |  地址：山东济南大明湖趵突泉北路12号三联大厦11楼  |  人均价格：72'], ['锦一味炒鸡  |  地址：山东济南北园大街北关北路二号  |  人均价格：77', '明湖楼·精致鲁菜  |  地址：山东济南大明湖明湖北路271号大明湖公园北门内  |  人均价格：85'], ['草包包子铺1937  |  地址：山东济南绿地中心普利街15号（近趵突泉）  |  人均价格：35', '春江饭店  |  地址：山东济南绿地中心共青团路56号（易捷便利店旁）  |  人均价格：105']]"
2025-06-12,"{'itinerary': '趵突泉景区->黑虎泉->珍珠泉->大明湖景区', '总体理由': '精选济南四大名泉与大明湖，体验泉水文化与湖光山色的完美融合。', 'pois': {'3': '黑虎泉，济南四大名泉之一，泉水清澈见底，自然景观优美，适合家庭出游，体验泉水文化，参与非遗手工制作，欣赏古建筑，感受济南泉水的独特魅力。', '6': '珍珠泉，池底涌出如珍珠般白色气泡，自然景观优美，适合家庭出游，感受泉水的独特魅力，欣赏古建筑的宁静与祥和。', '10': '济南大明湖景区，风光秀美的天然泉水湖公园，适合踏青和休闲，历史文化底蕴深厚，自然景观与人文景观相结合，适合家庭出游，欣赏湖光山色，欣赏传统戏曲表演，感受济南的泉水文化。', '16': '趵突泉景区，泉水喷发壮丽，历史文化悠久，自然景观与人文景观相结合，适合家庭出游，体验泉水文化，欣赏古建筑，感受济南泉水的独特魅力，是济南的标志性景点之一。可以参加趵突泉泉水节，欣赏传统戏曲表演，参加泉'}}","1, 2, 3, 4, 5, 6, 7, 8, 9, 10, 11, 12, 13, 14, 15, 16",http://127.0.0.1:5000/output/2025_06_12_14_17_zh.html,4,"[['尚客优酒店(泉城广场齐鲁医院店)  |  星级：二星', '汉庭酒店(济南泉城广场朝山街店)  |  星级：二星'], ['格林豪泰智选酒店(芙蓉街趵突泉泉城广场店）  |  星级：二星', '如家酒店(泉城路芙蓉街店)  |  星级：二星'], ['锦江之星酒店(济南大明湖店)  |  星级：二星', '和颐至尚酒店(趵突泉店)  |  星级：四星'], ['如家酒店(大观园万达广场店)  |  星级：二星', '和颐至尚酒店(趵突泉店)  |  星级：四星']]","[['福利来酒店  |  地址：山东济南泉城广场/银座新天地泺源大街68号  |  人均价格：130', '济南玉泉森信大酒店-中餐厅  |  地址：山东济南泉城广场/银座新天地泺源大街68号玉泉森信大酒店(近银座商城)  |  人均价格：127'], ['老济南的味道特色菜馆  |  地址：山东济南大明湖泉城路街道辘轳把子街20号  |  人均价格：71', '明湖楼·精致鲁菜  |  地址：山东济南大明湖明湖北路271号大明湖公园北门内  |  人均价格：85'], ['锦一味炒鸡  |  地址：山东济南北园大街北关北路二号  |  人均价格：77', '明湖楼·精致鲁菜  |  地址：山东济南大明湖明湖北路271号大明湖公园北门内  |  人均价格：85'], ['草包包子铺1937  |  地址：山东济南绿地中心普利街15号（近趵突泉）  |  人均价格：35', '春江饭店  |  地址：山东济南绿地中心共青团路56号（易捷便利店旁）  |  人均价格：105']]"
2025-06-12,"{'itinerary': '趵突泉景区->五龙潭园区->黑虎泉->泉城广场', '总体理由': '这条路线串联了济南最著名的泉水景观，从趵突泉的壮丽喷涌到五龙潭的宁静，再到黑虎泉的清澈，最后在泉城广场感受现代与传统的融合。', 'pois': {'15': '趵突泉景区是济南的标志性景点，泉水喷涌的壮丽景象令人叹为观止。这里不仅有深厚的历史文化底蕴，还能体验泉水文化的独特魅力，适合家庭出游。', '5': '五龙潭园区是一个景色迷人的泉水公园，泉水喷发的景象与宁静的古建筑相得益彰，让人感受到自然与文化的完美融合。', '12': '黑虎泉作为济南四大名泉之一，泉水清澈见底，周围古建筑环绕，是体验泉水文化和参与非遗手工制作的绝佳地点。', '14': '泉城广场是济南市的地标，这里既有现代都市的繁华，又能欣赏到美丽的夜景，是感受城市活力与传统韵味交汇的地方。'}}","1, 2, 3, 4, 5, 6, 7, 8, 9, 10, 11, 12, 13, 14, 15",http://127.0.0.1:5000/output/2025_06_12_14_23_zh.html,4,"[['如家酒店(大观园万达广场店)  |  星级：二星', '和颐至尚酒店(趵突泉店)  |  星级：四星'], ['如家酒店(大观园万达广场店)  |  星级：二星', '艺龙万国酒店(济南火车站大明湖景区店)  |  星级：三星'], ['尚客优酒店(泉城广场齐鲁医院店)  |  星级：二星', '汉庭酒店(济南泉城广场朝山街店)  |  星级：二星'], ['和颐至尚酒店(趵突泉店)  |  星级：四星', '汉庭酒店(趵突泉店)  |  星级：二星']]","[['草包包子铺1937  |  地址：山东济南绿地中心普利街15号（近趵突泉）  |  人均价格：35', '春江饭店  |  地址：山东济南绿地中心共青团路56号（易捷便利店旁）  |  人均价格：105'], ['春江饭店  |  地址：山东济南绿地中心共青团路56号（易捷便利店旁）  |  人均价格：105', '草包包子铺1937  |  地址：山东济南绿地中心普利街15号（近趵突泉）  |  人均价格：35'], ['福利来酒店  |  地址：山东济南泉城广场/银座新天地泺源大街68号  |  人均价格：130', '济南玉泉森信大酒店-中餐厅  |  地址：山东济南泉城广场/银座新天地泺源大街68号玉泉森信大酒店(近银座商城)  |  人均价格：127'], ['关帝庙蜜脂园  |  地址：山东济南趵突泉共青团路3号五龙潭公园西侧关帝庙  |  人均价格：141', '金三杯酒家  |  地址：山东济南大明湖趵突泉北路12号三联大厦11楼  |  人均价格：72']]"
2025-06-12,"{'itinerary': '趵突泉景区->五龙潭园区->大明湖景区->超然楼', '总体理由': '这条路线串联了济南最著名的泉水景观和历史文化，让游客在短时间内领略泉城的魅力。', 'pois': {'16': '趵突泉景区是济南的标志性景点，泉水喷涌的壮观景象令人叹为观止。这里不仅能欣赏到古建筑的韵味，还能感受到深厚的泉水文化底蕴。', '15': '五龙潭园区是一个迷人的泉水公园，园内泉水清澈见底，环境幽静。漫步其中，可以欣赏到不同形态的泉水景观，感受自然与文化的完美融合。', '7': '大明湖景区是济南的天然泉水湖公园，湖光山色美不胜收。这里不仅有丰富的历史文化，还能欣赏到传统戏曲表演，体验济南独特的泉水文化。', '5': '超然楼始建于元代，是一座具有悠久历史的古建筑。站在楼上，可以俯瞰大明湖的美景，感受古代文人墨客的情怀，领略济南的历史文化魅力。'}}","1, 2, 3, 4, 5, 6, 7, 8, 9, 10, 11, 12, 13, 14, 15, 16",http://127.0.0.1:5000/output/2025_06_12_14_26_zh.html,4,"[['如家酒店(大观园万达广场店)  |  星级：二星', '和颐至尚酒店(趵突泉店)  |  星级：四星'], ['如家酒店(大观园万达广场店)  |  星级：二星', '艺龙万国酒店(济南火车站大明湖景区店)  |  星级：三星'], ['锦江之星酒店(济南大明湖店)  |  星级：二星', '和颐至尚酒店(趵突泉店)  |  星级：四星'], ['格林豪泰智选酒店(芙蓉街趵突泉泉城广场店）  |  星级：二星', '锦江之星酒店(济南大明湖店)  |  星级：二星']]","[['草包包子铺1937  |  地址：山东济南绿地中心普利街15号（近趵突泉）  |  人均价格：35', '春江饭店  |  地址：山东济南绿地中心共青团路56号（易捷便利店旁）  |  人均价格：105'], ['春江饭店  |  地址：山东济南绿地中心共青团路56号（易捷便利店旁）  |  人均价格：105', '草包包子铺1937  |  地址：山东济南绿地中心普利街15号（近趵突泉）  |  人均价格：35'], ['锦一味炒鸡  |  地址：山东济南北园大街北关北路二号  |  人均价格：77', '明湖楼·精致鲁菜  |  地址：山东济南大明湖明湖北路271号大明湖公园北门内  |  人均价格：85'], ['明湖楼·精致鲁菜  |  地址：山东济南大明湖明湖北路271号大明湖公园北门内  |  人均价格：85', '老济南的味道特色菜馆  |  地址：山东济南大明湖泉城路街道辘轳把子街20号  |  人均价格：71']]"
2025-06-12,"{'itinerary': '趵突泉景区->五龙潭园区->大明湖景区->百花洲', '总体理由': '这条路线串联了济南最著名的泉水景观与历史街区，让游客在短时间内深度体验泉城魅力。', 'pois': {'1': '五龙潭园区如同一幅流动的水墨画，泉水从石缝中喷涌而出，在阳光下闪烁着晶莹的光芒。古老的亭台楼阁倒映在清澈的潭水中，让人仿佛穿越回千年前的济南。', '7': '大明湖景区是济南的明珠，湖面如镜，倒映着岸边的垂柳和古建筑。漫步湖畔，既能感受自然的宁静，又能领略深厚的历史文化底蕴。', '8': '百花洲保留着老济南最原汁原味的市井风情，青石板路上斑驳的痕迹诉说着岁月的故事，传统商铺里飘来的香气让人忍不住驻足。', '16': '趵突泉景区是济南的灵魂所在，三股清泉昼夜不息地喷涌，水声如雷。周围古建筑群与泉水相映成趣，完美展现了泉城的历史与文化精髓。'}}","1, 2, 3, 4, 5, 6, 7, 8, 9, 10, 11, 12, 13, 14, 15, 16",http://127.0.0.1:5000/output/2025_06_12_14_53_zh.html,4,"[['如家酒店(大观园万达广场店)  |  星级：二星', '艺龙万国酒店(济南火车站大明湖景区店)  |  星级：三星'], ['锦江之星酒店(济南大明湖店)  |  星级：二星', '和颐至尚酒店(趵突泉店)  |  星级：四星'], ['和颐至尚酒店(趵突泉店)  |  星级：四星', '汉庭酒店(趵突泉店)  |  星级：二星'], ['如家酒店(大观园万达广场店)  |  星级：二星', '和颐至尚酒店(趵突泉店)  |  星级：四星']]","[['春江饭店  |  地址：山东济南绿地中心共青团路56号（易捷便利店旁）  |  人均价格：105', '草包包子铺1937  |  地址：山东济南绿地中心普利街15号（近趵突泉）  |  人均价格：35'], ['锦一味炒鸡  |  地址：山东济南北园大街北关北路二号  |  人均价格：77', '明湖楼·精致鲁菜  |  地址：山东济南大明湖明湖北路271号大明湖公园北门内  |  人均价格：85'], ['老济南的味道特色菜馆  |  地址：山东济南大明湖泉城路街道辘轳把子街20号  |  人均价格：71', '春水锅贴·传统鲁菜  |  地址：山东济南大明湖花店街25号  |  人均价格：76'], ['草包包子铺1937  |  地址：山东济南绿地中心普利街15号（近趵突泉）  |  人均价格：35', '春江饭店  |  地址：山东济南绿地中心共青团路56号（易捷便利店旁）  |  人均价格：105']]"
2025-06-13,"{'itinerary': '趵突泉景区->五龙潭园区->大明湖景区->超然楼', '总体理由': '一日游行程精选济南四大名泉与湖光山色，感受泉水文化与历史建筑的完美融合。', 'pois': {'15': '趵突泉景区，泉水喷涌如珠，声如虎啸，是济南的标志性景点。漫步其间，可感受千年泉城的独特魅力，欣赏古建筑与泉水相映成趣。', '5': '五龙潭园区，泉水清澈见底，五龙喷珠的奇观令人叹为观止。园内古树参天，亭台楼阁点缀其间，是感受自然与人文和谐共处的绝佳之地。', '9': ""大明湖景区，湖光潋滟，柳岸闻莺。泛舟湖上，可远眺千佛山倒影，近观荷花绽放，体验济南'一城山色半城湖'的诗意画卷。"", '10': ""超然楼，始建于元代，登楼远眺，大明湖美景尽收眼底。飞檐翘角间，仿佛能听见历史的回声，感受古人'超然物外'的意境。""}}","1, 2, 3, 4, 5, 6, 7, 8, 9, 10, 11, 12, 13, 14, 15",http://127.0.0.1:5000/output/2025_06_13_20_06_zh.html,4,"[['如家酒店(大观园万达广场店)  |  星级：二星', '和颐至尚酒店(趵突泉店)  |  星级：四星'], ['如家酒店(大观园万达广场店)  |  星级：二星', '艺龙万国酒店(济南火车站大明湖景区店)  |  星级：三星'], ['锦江之星酒店(济南大明湖店)  |  星级：二星', '和颐至尚酒店(趵突泉店)  |  星级：四星'], ['格林豪泰智选酒店(芙蓉街趵突泉泉城广场店）  |  星级：二星', '锦江之星酒店(济南大明湖店)  |  星级：二星']]","[['草包包子铺1937  |  地址：山东济南绿地中心普利街15号（近趵突泉）  |  人均价格：35', '春江饭店  |  地址：山东济南绿地中心共青团路56号（易捷便利店旁）  |  人均价格：105'], ['春江饭店  |  地址：山东济南绿地中心共青团路56号（易捷便利店旁）  |  人均价格：105', '草包包子铺1937  |  地址：山东济南绿地中心普利街15号（近趵突泉）  |  人均价格：35'], ['锦一味炒鸡  |  地址：山东济南北园大街北关北路二号  |  人均价格：77', '明湖楼·精致鲁菜  |  地址：山东济南大明湖明湖北路271号大明湖公园北门内  |  人均价格：85'], ['明湖楼·精致鲁菜  |  地址：山东济南大明湖明湖北路271号大明湖公园北门内  |  人均价格：85', '老济南的味道特色菜馆  |  地址：山东济南大明湖泉城路街道辘轳把子街20号  |  人均价格：71']]"
2025-06-13,"{'itinerary': '趵突泉景区->五龙潭园区->大明湖景区->曲水亭风景区', '总体理由': '这条路线串联了济南最著名的泉水景观与历史文化街区，让游客在短时间内深度体验泉城魅力。', 'pois': {'16': ""趵突泉景区是济南的标志性景点，泉水喷涌的壮观景象令人叹为观止。这里不仅能欣赏到'天下第一泉'的雄姿，还能感受深厚的泉水文化底蕴，是了解济南的最佳起点。"", '15': ""五龙潭园区以其迷人的泉水景观著称，池水清澈见底，五个泉眼如蛟龙吐水。这里环境幽静，古建筑与泉水相映成趣，是感受济南'家家泉水'特色的绝佳去处。"", '9': ""大明湖景区风光秀丽，湖面如镜，倒映着岸边的垂柳和亭台楼阁。这个天然泉水湖公园既有自然之美，又蕴含着丰富的历史文化，漫步湖畔能真切感受'一城山色半城湖'的意境。"", '7': ""曲水亭风景区保留着老济南最原汁原味的街巷风貌，青石板路两侧是古朴的民居建筑。这里能体验到最地道的济南生活气息，仿佛穿越回那个'家家泉水，户户垂杨'的老济南。""}}","1, 2, 3, 4, 5, 6, 7, 8, 9, 10, 11, 12, 13, 14, 15, 16",http://127.0.0.1:5000/output/2025_06_13_20_07_zh.html,4,"[['如家酒店(大观园万达广场店)  |  星级：二星', '和颐至尚酒店(趵突泉店)  |  星级：四星'], ['如家酒店(大观园万达广场店)  |  星级：二星', '艺龙万国酒店(济南火车站大明湖景区店)  |  星级：三星'], ['锦江之星酒店(济南大明湖店)  |  星级：二星', '和颐至尚酒店(趵突泉店)  |  星级：四星'], ['和颐至尚酒店(趵突泉店)  |  星级：四星', '汉庭酒店(趵突泉店)  |  星级：二星']]","[['草包包子铺1937  |  地址：山东济南绿地中心普利街15号（近趵突泉）  |  人均价格：35', '春江饭店  |  地址：山东济南绿地中心共青团路56号（易捷便利店旁）  |  人均价格：105'], ['春江饭店  |  地址：山东济南绿地中心共青团路56号（易捷便利店旁）  |  人均价格：105', '草包包子铺1937  |  地址：山东济南绿地中心普利街15号（近趵突泉）  |  人均价格：35'], ['锦一味炒鸡  |  地址：山东济南北园大街北关北路二号  |  人均价格：77', '明湖楼·精致鲁菜  |  地址：山东济南大明湖明湖北路271号大明湖公园北门内  |  人均价格：85'], ['老济南的味道特色菜馆  |  地址：山东济南大明湖泉城路街道辘轳把子街20号  |  人均价格：71', '金三杯酒家  |  地址：山东济南大明湖趵突泉北路12号三联大厦11楼  |  人均价格：72']]"
2025-06-13,"{'itinerary': '趵突泉景区->黑虎泉->泉城广场->大明湖景区->超然楼', '总体理由': '一日游行程精选济南五大经典景点，从泉水文化到历史建筑，感受济南的自然与人文魅力。', 'pois': {'17': '趵突泉景区，泉水喷涌如珠，声如虎啸，是济南的标志性景点。漫步其间，感受泉水文化的深厚底蕴，欣赏古建筑的宁静与祥和。', '3': '黑虎泉，泉水清澈见底，泉眼如虎口喷涌，是济南四大名泉之一。在这里可以体验泉水文化，参与非遗手工制作，感受济南泉水的独特魅力。', '5': '泉城广场，济南的城市地标，现代与传统的完美融合。广场上喷泉与绿植相映成趣，夜晚灯光璀璨，是感受城市繁华与活力的好去处。', '12': '大明湖景区，风光秀美的天然泉水湖公园，湖光山色间点缀着古建筑。漫步湖畔，欣赏传统戏曲表演，感受济南的泉水文化与历史底蕴。', '10': '超然楼，始建于元代的历史建筑，登楼可俯瞰大明湖全景。楼内陈列着丰富的文物，是感受济南历史文化与古建筑魅力的绝佳地点。'}}","1, 2, 3, 4, 5, 6, 7, 8, 9, 10, 11, 12, 13, 14, 15, 16, 17",http://127.0.0.1:5000/output/2025_06_13_22_40_zh.html,6,"[['如家酒店(大观园万达广场店)  |  星级：二星', '和颐至尚酒店(趵突泉店)  |  星级：四星'], ['尚客优酒店(泉城广场齐鲁医院店)  |  星级：二星', '汉庭酒店(济南泉城广场朝山街店)  |  星级：二星'], ['和颐至尚酒店(趵突泉店)  |  星级：四星', '汉庭酒店(趵突泉店)  |  星级：二星'], ['锦江之星酒店(济南大明湖店)  |  星级：二星', '和颐至尚酒店(趵突泉店)  |  星级：四星'], ['格林豪泰智选酒店(芙蓉街趵突泉泉城广场店）  |  星级：二星', '锦江之星酒店(济南大明湖店)  |  星级：二星']]","[['草包包子铺1937  |  地址：山东济南绿地中心普利街15号（近趵突泉）  |  人均价格：35', '春江饭店  |  地址：山东济南绿地中心共青团路56号（易捷便利店旁）  |  人均价格：105'], ['福利来酒店  |  地址：山东济南泉城广场/银座新天地泺源大街68号  |  人均价格：130', '济南玉泉森信大酒店-中餐厅  |  地址：山东济南泉城广场/银座新天地泺源大街68号玉泉森信大酒店(近银座商城)  |  人均价格：127'], ['关帝庙蜜脂园  |  地址：山东济南趵突泉共青团路3号五龙潭公园西侧关帝庙  |  人均价格：141', '金三杯酒家  |  地址：山东济南大明湖趵突泉北路12号三联大厦11楼  |  人均价格：72'], ['锦一味炒鸡  |  地址：山东济南北园大街北关北路二号  |  人均价格：77', '明湖楼·精致鲁菜  |  地址：山东济南大明湖明湖北路271号大明湖公园北门内  |  人均价格：85'], ['明湖楼·精致鲁菜  |  地址：山东济南大明湖明湖北路271号大明湖公园北门内  |  人均价格：85', '老济南的味道特色菜馆  |  地址：山东济南大明湖泉城路街道辘轳把子街20号  |  人均价格：71']]"
2025-06-14,"{'itinerary': 'Baotu Spring Scenic Area->Qu Shui Ting Scenic Area->Jinan Daming Lake Scenic Area->Chao Ran Tower->Zhongshan Park->Quancheng Eye·Sky View Platform', 'Overall Reason': ""This itinerary blends Jinan's iconic springs, historical streets, and serene lake views, perfect for a solo traveler seeking cultural immersion and natural beauty in a compact timeframe."", 'pois': {'9': 'Our itinerary starts at Baotu Spring Scenic Area, where the thunderous eruptions of spring water have inspired poets for centuries. The vibrant turquoise pools and ancient pavilions create a mesmerizing contrast against the bustling city beyond its walls.', '10': 'Leaving Baotu Spring, we wander into Qu Shui Ting Scenic Area, a charming old street where time seems to slow. Cobblestone paths wind past traditional tea houses and artisan stalls, whispering tales of Jinan’s Ming and Qing dynasty heyday.', '16': 'A short stroll leads to Jinan Daming Lake Scenic Area, the heart of your journey. Here, willow trees dip into mirror-calm waters fed by hidden springs, while paddle boats drift lazily—a postcard-perfect pause for solo reflection.', '15': 'Rising above the lake’s northern shore, Chao Ran Tower stands sentinel since the Yuan Dynasty. Climbing its time-worn steps rewards you with panoramic views where ancient rooftops blend seamlessly with modern skylines.', '5': 'Zhongshan Park offers a lively counterpoint—a green oasis where locals practice tai chi under maple trees. The laughter of children feeding koi in the ponds adds a cheerful rhythm to your solitary exploration.', '6': 'The finale unfolds at Quancheng Eye·Sky View Platform, where a glass-floored observation deck suspends you above Jinan’s twilight glow. The city’s tapestry of springs, lakes, and lantern-lit streets stretches endlessly beneath your feet.'}}","1, 2, 3, 4, 5, 6, 7, 8, 9, 10, 11, 12, 13, 14, 15, 16",http://127.0.0.1:5000/output/2025_06_14_14_43_en.html,4,0,0
2025-06-14,"{'itinerary': ""Bai Hua Zhou->Autumn Willow Poetry Society->Jinan Wildlife World->Ronghui Jinan Old Business District->Quancheng Eye·Sky View Platform->Zhongshan Park->Daguanyuan->Baotu Spring Scenic Area->Ming Shui Ancient City->Wulong潭 Park->Qu Shui Ting Scenic Area->Teng Jiao Spring->Pearl Spring->Jinan World's First Spring Scenic Area->Jinan Ring City Park->Chao Ran Tower->Jinan Daming Lake Scenic Area"", 'Overall Reason': ""This itinerary offers a rich blend of natural beauty, cultural heritage, and modern attractions, perfectly tailored for a solo traveler exploring Jinan's highlights, especially the iconic Daming Lake."", 'pois': {'1': 'Our itinerary starts at Bai Hua Zhou, a charming leisure street where nature and culture intertwine. Stroll through its scenic pathways, soaking in the serene ambiance and vibrant local life.', '2': 'Leaving Bai Hua Zhou, we continue to the Autumn Willow Poetry Society, a tribute to Qing Dynasty poet Wang Shizhen. Immerse yourself in the poetic atmosphere and historical depth of this cultural gem.', '3': 'Walking along, we reach Jinan Wildlife World, a delightful mix of entertainment and ecological displays. Perfect for animal lovers, it offers a fun and educational experience amidst nature.', '4': 'Next, explore Ronghui Jinan Old Business District, where history comes alive. Wander through its ancient streets, discovering the rich cultural heritage and timeless charm of old Jinan.', '5': ""Ascend to Quancheng Eye·Sky View Platform for a breathtaking bird's-eye view of Jinan. The city's scenic beauty unfolds below, blending modern skylines with natural wonders."", '6': 'Stroll into Zhongshan Park, a recreational haven blending nature and culture. Its lush greenery and tranquil ponds make it an ideal spot for relaxation and family outings.', '7': ""Step into Daguanyuan, Jinan's historic trading firms, best experienced at night. The illuminated historical buildings exude a nostalgic charm, transporting you back in time."", '8': 'Visit Baotu Spring Scenic Area, famed for its magnificent spring eruptions. The long-standing cultural heritage and natural beauty create a mesmerizing and unforgettable experience.', '9': ""Discover Ming Shui Ancient City, a historical treasure trove. Its unique blend of natural and cultural landscapes offers a glimpse into Jinan's storied past."", '10': 'Relax at Wulong潭 Park, a spring park with enchanting scenery. The harmonious blend of nature and culture provides a peaceful retreat from the bustling city.', '11': ""Wander through Qu Shui Ting Scenic Area, an old street steeped in Jinan's history. The charming blend of past and present makes it a must-visit for culture enthusiasts."", '12': 'Hike to Teng Jiao Spring, where beautiful natural scenery awaits. The refreshing trails and serene environment are perfect for nature lovers and solo adventurers.', '13': 'Admire Pearl Spring, known for its pearl-like bubbles. The stunning natural scenery and tranquil atmosphere make it a hidden gem in Jinan.', '14': ""Explore Jinan World's First Spring Scenic Area, a composition of rivers, lakes, and springs. The picturesque landscapes and rich history offer a comprehensive Jinan experience."", '15': 'Stroll through Jinan Ring City Park, where elegant garden architecture meets natural beauty. The serene pathways and cultural touches provide a perfect end to the day.', '16': ""Visit Chao Ran Tower, a historical building from the Yuan Dynasty. Its blend of natural and cultural elements offers a unique perspective on Jinan's heritage."", '17': 'Conclude at Jinan Daming Lake Scenic Area, a natural spring-fed lake park. The breathtaking scenery and leisurely ambiance make it the perfect finale for your solo journey.'}}","1, 2, 3, 4, 5, 6, 7, 8, 9, 10, 11, 12, 13, 14, 15, 16, 17",http://127.0.0.1:5000/output/2025_06_14_14_55_en.html,4,0,0
2025-06-14,"{'itinerary': 'Baotu Spring Scenic Area->Daming Lake Scenic Area->Qu Shui Ting Scenic Area->Bai Hua Zhou->Chao Ran Tower->Autumn Willow Poetry Society', 'Overall Reason': ""This itinerary blends Jinan's natural springs, historical charm, and poetic heritage, perfect for a solo traveler seeking tranquility and cultural immersion."", 'pois': {'6': ""Baotu Spring Scenic Area: Marvel at the thunderous eruptions of Jinan's most famous spring, where crystal-clear waters dance under the sun, surrounded by pavilions whispering tales of ancient poets and emperors."", '14': ""Daming Lake Scenic Area: Glide across the mirror-like lake, where willow trees kiss the water and lotus blooms paint the surface in summer hues, a serene escape in the city's heart."", '9': ""Qu Shui Ting Scenic Area: Stroll cobbled lanes lined with Qing-era architecture, where the murmur of spring-fed streams accompanies your journey through Jinan's literary and mercantile past."", '11': 'Bai Hua Zhou: Unwind in this artsy enclave, where teahouses and galleries nestle amid weeping willows, offering a quiet pause with a cup of locally grown jasmine tea.', '13': 'Chao Ran Tower: Ascend this Yuan Dynasty gem for panoramic views, where the breeze carries echoes of Mongol-era scholars who once sought inspiration atop these very steps.', '12': 'Autumn Willow Poetry Society: Step into the bamboo-shaded courtyard honoring Wang Shizhen, where ink-stained verses seem to linger in the air, bridging centuries of lyrical tradition.'}}","1, 2, 3, 4, 5, 6, 7, 8, 9, 10, 11, 12, 13, 14",http://127.0.0.1:5000/output/2025_06_14_15_03_en.html,4,0,0
2025-06-14,"{'itinerary': '趵突泉景区->五龙潭园区->曲水亭风景区->大明湖景区', '总体理由': '一日游行程精选济南四大名泉与历史文化街区，感受泉水文化与老城韵味。', 'pois': {'15': '趵突泉景区，泉水喷涌如雪，三股水柱冲天而起，阳光下闪烁着银光。青石栏杆围起的泉池倒映着周围古建筑的飞檐翘角，游人们倚栏而立，聆听泉水奔涌的轰鸣声。', '5': '五龙潭园区，五方清潭如翡翠般镶嵌在古建筑群中。潭边垂柳轻拂水面，石桥上刻着精美的龙纹浮雕，传说这里曾是秦琼饮马的地方。', '7': '曲水亭风景区，青石板路两侧是保存完好的明清民居，潺潺溪流穿街而过。老茶馆里飘出茉莉花香，手工艺人正在制作精美的鲁绣作品。', '9': '大明湖景区，千亩湖面波光粼粼，超然楼倒映水中宛如画卷。夏荷初绽时，画舫缓缓划过，远处传来柳子戏的悠扬唱腔。'}}","1, 2, 3, 4, 5, 6, 7, 8, 9, 10, 11, 12, 13, 14, 15",http://127.0.0.1:5000/output/2025_06_14_15_11_zh.html,4,"[['如家酒店(大观园万达广场店)  |  星级：二星', '和颐至尚酒店(趵突泉店)  |  星级：四星'], ['如家酒店(大观园万达广场店)  |  星级：二星', '艺龙万国酒店(济南火车站大明湖景区店)  |  星级：三星'], ['和颐至尚酒店(趵突泉店)  |  星级：四星', '汉庭酒店(趵突泉店)  |  星级：二星'], ['锦江之星酒店(济南大明湖店)  |  星级：二星', '和颐至尚酒店(趵突泉店)  |  星级：四星']]","[['草包包子铺1937  |  地址：山东济南绿地中心普利街15号（近趵突泉）  |  人均价格：35', '春江饭店  |  地址：山东济南绿地中心共青团路56号（易捷便利店旁）  |  人均价格：105'], ['春江饭店  |  地址：山东济南绿地中心共青团路56号（易捷便利店旁）  |  人均价格：105', '草包包子铺1937  |  地址：山东济南绿地中心普利街15号（近趵突泉）  |  人均价格：35'], ['老济南的味道特色菜馆  |  地址：山东济南大明湖泉城路街道辘轳把子街20号  |  人均价格：71', '金三杯酒家  |  地址：山东济南大明湖趵突泉北路12号三联大厦11楼  |  人均价格：72'], ['锦一味炒鸡  |  地址：山东济南北园大街北关北路二号  |  人均价格：77', '明湖楼·精致鲁菜  |  地址：山东济南大明湖明湖北路271号大明湖公园北门内  |  人均价格：85']]"
2025-06-14,"{'itinerary': '趵突泉景区->五龙潭园区->大明湖景区->百花洲', '总体理由': '这条路线串联了济南最著名的泉水景观和历史文化街区，让游客在短时间内深度体验泉城魅力。', 'pois': {'16': ""趵突泉景区是济南的标志性景点，泉水喷涌的壮观景象令人叹为观止。这里不仅能欣赏到'天下第一泉'的奇观，还能感受深厚的泉水文化底蕴。"", '15': '五龙潭园区以其迷人的泉水景观闻名，五个泉眼如五龙吐水般壮观。园内古建筑与泉水相映成趣，是感受济南泉水文化的最佳去处之一。', '7': '大明湖景区风光秀丽，湖面波光粼粼，四周垂柳依依。这里既有天然泉水湖的灵动之美，又蕴含着丰富的历史文化内涵。', '8': '百花洲是济南最具韵味的休闲街区，青石板路、白墙黛瓦间流淌着老济南的市井气息。漫步其中，仿佛穿越回百年前的济南城。'}}","1, 2, 3, 4, 5, 6, 7, 8, 9, 10, 11, 12, 13, 14, 15, 16",http://127.0.0.1:5000/output/2025_06_14_15_26_zh.html,4,"[['如家酒店(大观园万达广场店)  |  星级：二星', '和颐至尚酒店(趵突泉店)  |  星级：四星'], ['如家酒店(大观园万达广场店)  |  星级：二星', '艺龙万国酒店(济南火车站大明湖景区店)  |  星级：三星'], ['锦江之星酒店(济南大明湖店)  |  星级：二星', '和颐至尚酒店(趵突泉店)  |  星级：四星'], ['和颐至尚酒店(趵突泉店)  |  星级：四星', '汉庭酒店(趵突泉店)  |  星级：二星']]","[['草包包子铺1937  |  地址：山东济南绿地中心普利街15号（近趵突泉）  |  人均价格：35', '春江饭店  |  地址：山东济南绿地中心共青团路56号（易捷便利店旁）  |  人均价格：105'], ['春江饭店  |  地址：山东济南绿地中心共青团路56号（易捷便利店旁）  |  人均价格：105', '草包包子铺1937  |  地址：山东济南绿地中心普利街15号（近趵突泉）  |  人均价格：35'], ['锦一味炒鸡  |  地址：山东济南北园大街北关北路二号  |  人均价格：77', '明湖楼·精致鲁菜  |  地址：山东济南大明湖明湖北路271号大明湖公园北门内  |  人均价格：85'], ['老济南的味道特色菜馆  |  地址：山东济南大明湖泉城路街道辘轳把子街20号  |  人均价格：71', '春水锅贴·传统鲁菜  |  地址：山东济南大明湖花店街25号  |  人均价格：76']]"
2025-06-14,"{'itinerary': 'Baotu Spring Scenic Area->Daming Lake Scenic Area->Quancheng Eye·Sky View Platform->Ronghui Jinan Old Business District', 'Overall Reason': ""This itinerary blends natural beauty, cultural heritage, and panoramic city views, offering a rich solo exploration of Jinan's highlights, including the must-see Daming Lake."", 'pois': {'8': 'Our itinerary starts at Baotu Spring Scenic Area, where the magnificent spring eruptions and long historical heritage create a mesmerizing spectacle. The bubbling springs and lush surroundings offer a serene yet vibrant start to the day.', '17': ""Leaving Baotu Spring, we continue to Daming Lake Scenic Area, a natural spring-fed lake park. The tranquil waters and scenic beauty provide a perfect spot for leisurely strolls and quiet reflection amidst nature's charm."", '3': ""Walking along the lake, we reach Quancheng Eye·Sky View Platform, offering a bird's-eye view of Jinan's scenic beauty. The blend of modern observation and natural vistas makes this a must-visit for panoramic cityscapes."", '5': ""Finally, we explore Ronghui Jinan Old Business District, where the historical and cultural heritage of old Jinan comes alive. The charming streets and traditional architecture offer a glimpse into the city's rich past.""}}","1, 2, 3, 4, 5, 6, 7, 8, 9, 10, 11, 12, 13, 14, 15, 16, 17",http://127.0.0.1:5000/output/2025_06_14_15_32_en.html,4,0,0
2025-06-14,"{'itinerary': '趵突泉景区->五龙潭园区->黑虎泉->大明湖景区', '总体理由': '这条路线串联了济南最著名的泉水景观，从趵突泉的壮丽喷涌到大明湖的宁静湖光，感受泉城的独特魅力。', 'pois': {'1': '我们的行程从五龙潭园区开始，这里泉水清澈见底，喷涌时如银龙腾空，园内古树参天，亭台楼阁点缀其间，漫步其中仿佛穿越千年时光。', '13': '离开五龙潭，我们来到黑虎泉，泉水从三个石雕虎头中喷涌而出，声势浩大，周围古建筑环绕，是体验济南泉水文化的最佳地点之一。', '16': ""趵突泉景区是济南的标志，泉水喷涌时如银花绽放，周围古建筑群保存完好，在这里可以深刻感受'泉城'的历史底蕴和自然奇观。"", '10': ""最后我们来到大明湖景区，湖面如镜，倒映着超然楼的倩影，漫步湖畔，感受'四面荷花三面柳'的诗意，完美结束这一天的泉水之旅。""}}","1, 2, 3, 4, 5, 6, 7, 8, 9, 10, 11, 12, 13, 14, 15, 16",http://127.0.0.1:5000/output/2025_06_14_15_34_zh.html,4,"[['如家酒店(大观园万达广场店)  |  星级：二星', '艺龙万国酒店(济南火车站大明湖景区店)  |  星级：三星'], ['尚客优酒店(泉城广场齐鲁医院店)  |  星级：二星', '汉庭酒店(济南泉城广场朝山街店)  |  星级：二星'], ['如家酒店(大观园万达广场店)  |  星级：二星', '和颐至尚酒店(趵突泉店)  |  星级：四星'], ['锦江之星酒店(济南大明湖店)  |  星级：二星', '和颐至尚酒店(趵突泉店)  |  星级：四星']]","[['春江饭店  |  地址：山东济南绿地中心共青团路56号（易捷便利店旁）  |  人均价格：105', '草包包子铺1937  |  地址：山东济南绿地中心普利街15号（近趵突泉）  |  人均价格：35'], ['福利来酒店  |  地址：山东济南泉城广场/银座新天地泺源大街68号  |  人均价格：130', '济南玉泉森信大酒店-中餐厅  |  地址：山东济南泉城广场/银座新天地泺源大街68号玉泉森信大酒店(近银座商城)  |  人均价格：127'], ['草包包子铺1937  |  地址：山东济南绿地中心普利街15号（近趵突泉）  |  人均价格：35', '春江饭店  |  地址：山东济南绿地中心共青团路56号（易捷便利店旁）  |  人均价格：105'], ['锦一味炒鸡  |  地址：山东济南北园大街北关北路二号  |  人均价格：77', '明湖楼·精致鲁菜  |  地址：山东济南大明湖明湖北路271号大明湖公园北门内  |  人均价格：85']]"
2025-06-14,"{'itinerary': 'Bai Hua Zhou->Autumn Willow Poetry Society->Zhongshan Park->Jinan Daming Lake Scenic Area', 'Overall Reason': 'This itinerary blends cultural immersion with natural beauty, starting with a leisurely street, moving through poetic history, a family-friendly park, and culminating in the serene Daming Lake.', 'pois': {'1': ""Our itinerary starts at Bai Hua Zhou, a leisure street where nature and culture intertwine. Stroll under the shade of blooming trees, past quaint shops and vibrant murals, feeling the pulse of Jinan's artistic soul."", '2': 'Leaving Bai Hua Zhou, we continue to the Autumn Willow Poetry Society, a tribute to Qing Dynasty poet Wang Shizhen. Wander through tranquil courtyards, where whispers of ancient verses linger in the rustling leaves.', '3': 'Walking along the cobbled paths, we reach Zhongshan Park, a recreational haven for families. Lush greenery frames playful fountains, while open squares invite laughter and leisurely picnics under the sun.', '16': 'The journey culminates at Jinan Daming Lake Scenic Area, a natural spring-fed oasis. Glide across the mirror-like waters by boat, or simply bask in the tranquility of willow-lined shores, a perfect solo retreat.'}}","1, 2, 3, 4, 5, 6, 7, 8, 9, 10, 11, 12, 13, 14, 15, 16",http://127.0.0.1:5000/output/2025_06_14_15_41_en.html,4,0,0
2025-06-14,"{'itinerary': 'Baotu Spring Scenic Area->Jinan Daming Lake Scenic Area->Bai Hua Zhou->Qu Shui Ting Scenic Area', 'Overall Reason': ""This itinerary focuses on Jinan's iconic springs and cultural streets, offering a blend of natural beauty and historical charm, perfect for a solo traveler seeking a serene yet enriching experience."", 'pois': {'15': ""Baotu Spring Scenic Area: Marvel at the magnificent spring eruptions, where water bursts forth with a rhythmic dance, surrounded by lush gardens and ancient pavilions that whisper tales of Jinan's rich history."", '9': 'Jinan Daming Lake Scenic Area: Stroll along the serene spring-fed lake, where willow trees sway gently and traditional boats glide, creating a picturesque scene that embodies the tranquility of Jinan.', '10': 'Bai Hua Zhou: Wander through this leisure street, where the blend of natural beauty and cultural vibrancy comes alive with quaint shops, local artisans, and the soothing sounds of nearby springs.', '12': ""Qu Shui Ting Scenic Area: Step into an old street brimming with Jinan's historical charm, where cobblestone paths lead you past traditional tea houses and hidden courtyards, each corner telling a story of the past.""}}","1, 2, 3, 4, 5, 6, 7, 8, 9, 10, 11, 12, 13, 14, 15",http://127.0.0.1:5000/output/2025_06_14_15_44_en.html,4,0,0
2025-06-14,"{'itinerary': 'Bai Hua Zhou->Autumn Willow Poetry Society->Ronghui Jinan Old Business District->Jinan Daming Lake Scenic Area', 'Overall Reason': ""A harmonious blend of cultural immersion and natural beauty, this itinerary offers a serene yet enriching solo journey through Jinan's historical and scenic highlights."", 'pois': {'1': 'Our itinerary starts at Bai Hua Zhou, a leisure street where nature and culture intertwine. Stroll along the charming pathways, surrounded by blooming flowers and traditional architecture, perfect for a peaceful morning.', '2': 'Leaving Bai Hua Zhou, we continue to the Autumn Willow Poetry Society, a tribute to Qing Dynasty poet Wang Shizhen. The tranquil gardens and poetic ambiance invite quiet reflection and appreciation of literary history.', '3': ""Walking along the historic lanes, we reach Ronghui Jinan Old Business District. Here, the echoes of old Jinan come alive through its preserved buildings and bustling market scenes, offering a glimpse into the city's vibrant past."", '16': 'The journey culminates at Jinan Daming Lake Scenic Area, a natural spring-fed lake park. The serene waters and lush surroundings create a perfect retreat, ideal for leisurely exploration and quiet contemplation.'}}","1, 2, 3, 4, 5, 6, 7, 8, 9, 10, 11, 12, 13, 14, 15, 16",http://127.0.0.1:5000/output/2025_06_14_16_25_en.html,4,0,0
2025-06-14,"{'itinerary': 'Baotu Spring Scenic Area->Daming Lake Scenic Area->Quancheng Eye·Sky View Platform->Zhongshan Park', 'Overall Reason': ""This itinerary blends natural springs, cultural heritage, and panoramic city views, offering a serene yet enriching solo journey through Jinan's iconic landscapes."", 'pois': {'8': ""Our itinerary starts at Baotu Spring Scenic Area, where the thunderous eruptions of China's most revered spring captivate visitors. The crystal-clear waters and ancient pavilions create a harmonious dance between nature and history."", '17': ""Leaving the springs, we continue to Daming Lake Scenic Area, a tranquil expanse of spring-fed waters. Willow-lined paths and traditional boats glide past historic islands, embodying Jinan's poetic 'City of Springs' legacy."", '5': 'Walking along the lake, we reach Quancheng Eye·Sky View Platform, where a breathtaking 360-degree panorama unfolds. The modern observation wheel contrasts beautifully with the ancient cityscape below, especially magical at sunset.', '6': 'Our journey concludes at Zhongshan Park, where locals practice tai chi under century-old trees. The blend of recreational spaces and cultural monuments makes it perfect for quiet reflection after a day of exploration.'}}","1, 2, 3, 4, 5, 6, 7, 8, 9, 10, 11, 12, 13, 14, 15, 16, 17",http://127.0.0.1:5000/output/2025_06_14_16_25_en.html,4,0,0
2025-06-14,"{'itinerary': '趵突泉景区->五龙潭园区->曲水亭风景区->大明湖景区', '总体理由': '一日游行程精选济南四大名泉与历史文化街区，感受泉水文化与老城韵味。', 'pois': {'15': '趵突泉景区，济南的标志性景点之一。泉水喷涌如雪，气势磅礴，仿佛在诉说着千年的故事。漫步其中，古建筑与泉水相映成趣，让人沉醉于济南独特的泉水文化。', '5': '五龙潭园区，景色迷人的泉水公园。泉水清澈见底，倒映着周围的亭台楼阁，宛如一幅水墨画。这里既有自然之美，又蕴含着深厚的历史文化底蕴。', '7': '曲水亭风景区，济南历史文化特色老街。青石板路蜿蜒曲折，两旁是古色古香的建筑，仿佛穿越回老济南的时光。这里充满了浓郁的市井气息和文艺氛围。', '9': '大明湖景区，风光秀美的天然泉水湖公园。湖面波光粼粼，岸边垂柳依依，亭台楼阁点缀其间。漫步湖畔，既能欣赏自然美景，又能感受济南深厚的泉水文化。'}}","1, 2, 3, 4, 5, 6, 7, 8, 9, 10, 11, 12, 13, 14, 15",http://127.0.0.1:5000/output/2025_06_14_16_33_zh.html,4,"[['如家酒店(大观园万达广场店)  |  星级：二星', '和颐至尚酒店(趵突泉店)  |  星级：四星'], ['如家酒店(大观园万达广场店)  |  星级：二星', '艺龙万国酒店(济南火车站大明湖景区店)  |  星级：三星'], ['和颐至尚酒店(趵突泉店)  |  星级：四星', '汉庭酒店(趵突泉店)  |  星级：二星'], ['锦江之星酒店(济南大明湖店)  |  星级：二星', '和颐至尚酒店(趵突泉店)  |  星级：四星']]","[['草包包子铺1937  |  地址：山东济南绿地中心普利街15号（近趵突泉）  |  人均价格：35', '春江饭店  |  地址：山东济南绿地中心共青团路56号（易捷便利店旁）  |  人均价格：105'], ['春江饭店  |  地址：山东济南绿地中心共青团路56号（易捷便利店旁）  |  人均价格：105', '草包包子铺1937  |  地址：山东济南绿地中心普利街15号（近趵突泉）  |  人均价格：35'], ['老济南的味道特色菜馆  |  地址：山东济南大明湖泉城路街道辘轳把子街20号  |  人均价格：71', '金三杯酒家  |  地址：山东济南大明湖趵突泉北路12号三联大厦11楼  |  人均价格：72'], ['锦一味炒鸡  |  地址：山东济南北园大街北关北路二号  |  人均价格：77', '明湖楼·精致鲁菜  |  地址：山东济南大明湖明湖北路271号大明湖公园北门内  |  人均价格：85']]"
2025-06-14,"{'itinerary': '趵突泉景区->五龙潭园区->黑虎泉->泉城广场', '总体理由': '这条路线串联了济南最著名的泉水景观，从趵突泉的壮丽喷涌到五龙潭的宁静秀美，再到黑虎泉的清澈见底，最后在泉城广场感受城市的繁华与活力。', 'pois': {'1': '五龙潭园区，这里泉水清澈见底，古树参天，亭台楼阁点缀其间，漫步其中仿佛置身于一幅水墨画中，感受济南泉水文化的精髓。', '13': '黑虎泉，泉水从三个石雕虎头中喷涌而出，声势浩大，清澈的泉水与古朴的石雕相映成趣，是体验济南泉水文化的绝佳去处。', '15': '泉城广场，这里是济南的城市客厅，宽阔的广场上喷泉与绿树相映成趣，夜晚灯光璀璨，是感受现代济南繁华与活力的好地方。', '16': '趵突泉景区，泉水喷涌如轮，气势磅礴，周围古建筑错落有致，漫步其中既能欣赏自然奇观，又能感受深厚的历史文化底蕴。'}}","1, 2, 3, 4, 5, 6, 7, 8, 9, 10, 11, 12, 13, 14, 15, 16",http://127.0.0.1:5000/output/2025_06_14_16_33_zh.html,4,"[['如家酒店(大观园万达广场店)  |  星级：二星', '艺龙万国酒店(济南火车站大明湖景区店)  |  星级：三星'], ['尚客优酒店(泉城广场齐鲁医院店)  |  星级：二星', '汉庭酒店(济南泉城广场朝山街店)  |  星级：二星'], ['和颐至尚酒店(趵突泉店)  |  星级：四星', '汉庭酒店(趵突泉店)  |  星级：二星'], ['如家酒店(大观园万达广场店)  |  星级：二星', '和颐至尚酒店(趵突泉店)  |  星级：四星']]","[['春江饭店  |  地址：山东济南绿地中心共青团路56号（易捷便利店旁）  |  人均价格：105', '草包包子铺1937  |  地址：山东济南绿地中心普利街15号（近趵突泉）  |  人均价格：35'], ['福利来酒店  |  地址：山东济南泉城广场/银座新天地泺源大街68号  |  人均价格：130', '济南玉泉森信大酒店-中餐厅  |  地址：山东济南泉城广场/银座新天地泺源大街68号玉泉森信大酒店(近银座商城)  |  人均价格：127'], ['关帝庙蜜脂园  |  地址：山东济南趵突泉共青团路3号五龙潭公园西侧关帝庙  |  人均价格：141', '金三杯酒家  |  地址：山东济南大明湖趵突泉北路12号三联大厦11楼  |  人均价格：72'], ['草包包子铺1937  |  地址：山东济南绿地中心普利街15号（近趵突泉）  |  人均价格：35', '春江饭店  |  地址：山东济南绿地中心共青团路56号（易捷便利店旁）  |  人均价格：105']]"
2025-06-14,"{'itinerary': 'Jinan Daming Lake Scenic Area->Baotu Spring Scenic Area->Qu Shui Ting Scenic Area->Bai Hua Zhou', 'Overall Reason': ""This itinerary blends nature, history, and culture, offering a serene yet enriching solo journey through Jinan's iconic springs and lakes."", 'pois': {'16': 'Our itinerary starts at Jinan Daming Lake Scenic Area, where the tranquil waters mirror the sky, and willow trees whisper tales of ancient poets. A perfect spot to begin your solo adventure, immersing in the harmony of nature and history.', '12': ""Leaving the lake's serenity, we continue to Baotu Spring Scenic Area, where the thunderous eruptions of springs have inspired centuries of visitors. The vibrant energy here contrasts beautifully with the lake's calm, showcasing Jinan's dynamic natural wonders."", '13': ""Walking along the cobbled paths, we reach Qu Shui Ting Scenic Area, an old street brimming with Jinan's historical charm. The blend of traditional architecture and lively street scenes offers a glimpse into the city's rich cultural tapestry."", '15': 'Our journey concludes at Bai Hua Zhou, a leisure street where modern vibrancy meets timeless elegance. Stroll through this picturesque area, savoring the blend of natural beauty and cultural delights, a perfect finale to your day.'}}","1, 2, 3, 4, 5, 6, 7, 8, 9, 10, 11, 12, 13, 14, 15, 16",http://127.0.0.1:5000/output/2025_06_14_16_35_en.html,4,0,0
2025-06-14,"{'itinerary': 'Baotu Spring Scenic Area->Daming Lake Scenic Area->Quancheng Eye·Sky View Platform->Zhongshan Park', 'Overall Reason': 'This itinerary blends natural beauty, cultural heritage, and panoramic city views, perfect for a solo traveler seeking a mix of tranquility and exploration.', 'pois': {'8': 'Our itinerary starts at Baotu Spring Scenic Area, where the magnificent spring eruptions and the long historical and cultural heritage create a mesmerizing experience. The sight of water gushing from the earth is truly unforgettable.', '17': 'Leaving Baotu Spring, we continue to Daming Lake Scenic Area, a serene natural spring-fed lake park. The beautiful scenery and peaceful ambiance make it an ideal spot for leisurely strolls and quiet reflection.', '3': ""Walking along the lake, we reach Quancheng Eye·Sky View Platform, offering a breathtaking bird's-eye view of the city. The blend of modern observation and scenic beauty provides a unique perspective of Jinan."", '6': ""Finally, we arrive at Zhongshan Park, a recreational square that blends natural and cultural landscapes. The park's vibrant atmosphere and family-friendly environment offer a perfect ending to the day's journey.""}}","1, 2, 3, 4, 5, 6, 7, 8, 9, 10, 11, 12, 13, 14, 15, 16, 17",http://127.0.0.1:5000/output/2025_06_14_16_39_en.html,4,0,0
2025-06-14,"{'itinerary': 'Jinan Daming Lake Scenic Area->Baotu Spring Scenic Area->Qu Shui Ting Scenic Area->Zhongshan Park', 'Overall Reason': 'This itinerary blends serene lake views, historic springs, cultural streets, and a family-friendly park, offering a perfect mix of nature and culture for a solo traveler.', 'pois': {'15': 'Our itinerary starts at Jinan Daming Lake Scenic Area, a tranquil oasis where the lake’s crystal-clear waters reflect the surrounding willows and pavilions, creating a picturesque scene straight out of a classical Chinese painting.', '7': 'Leaving the lake’s serenity, we continue to Baotu Spring Scenic Area, where the thunderous eruptions of the spring have inspired poets for centuries. The vibrant energy here contrasts beautifully with the lake’s calm.', '4': 'Walking along the historic lanes, we reach Qu Shui Ting Scenic Area, an old street brimming with Jinan’s cultural charm. The blend of traditional architecture and lively street scenes makes it a must-visit.', '9': 'Finally, we arrive at Zhongshan Park, a verdant retreat perfect for unwinding. The harmonious mix of gardens and recreational spaces offers a delightful end to the day’s explorations.'}}","1, 2, 3, 4, 5, 6, 7, 8, 9, 10, 11, 12, 13, 14, 15",http://127.0.0.1:5000/output/2025_06_14_16_42_en.html,4,0,0
2025-06-14,"{'itinerary': '趵突泉景区->五龙潭园区->大明湖景区->超然楼', '总体理由': '一日游行程精选济南四大名泉与湖光山色，感受泉水文化与历史建筑的完美融合。', 'pois': {'15': '趵突泉景区，济南的标志性景点之一。泉水喷涌如珠，气势磅礴，仿佛在诉说着千年的故事。漫步其间，不仅能感受泉水的清凉，还能欣赏古建筑的典雅，体验济南独特的泉水文化。', '5': '五龙潭园区，景色迷人的泉水公园。园内泉水清澈，古树参天，环境幽静。五龙喷水的景象尤为壮观，是摄影爱好者的天堂，也是家庭出游的理想之地。', '9': '大明湖景区，风光秀美的天然泉水湖公园。湖面波光粼粼，岸边垂柳依依，宛如一幅水墨画。在这里可以泛舟湖上，感受济南的湖光山色与泉水文化的交融。', '10': '超然楼，始建于元代的历史建筑。登楼远眺，大明湖的美景尽收眼底。古色古香的建筑与湖光山色相映成趣，让人仿佛穿越回古代，感受历史的厚重与宁静。'}}","1, 2, 3, 4, 5, 6, 7, 8, 9, 10, 11, 12, 13, 14, 15",http://127.0.0.1:5000/output/2025_06_14_16_45_zh.html,4,"[['如家酒店(大观园万达广场店)  |  星级：二星', '和颐至尚酒店(趵突泉店)  |  星级：四星'], ['如家酒店(大观园万达广场店)  |  星级：二星', '艺龙万国酒店(济南火车站大明湖景区店)  |  星级：三星'], ['锦江之星酒店(济南大明湖店)  |  星级：二星', '和颐至尚酒店(趵突泉店)  |  星级：四星'], ['格林豪泰智选酒店(芙蓉街趵突泉泉城广场店）  |  星级：二星', '锦江之星酒店(济南大明湖店)  |  星级：二星']]","[['草包包子铺1937  |  地址：山东济南绿地中心普利街15号（近趵突泉）  |  人均价格：35', '春江饭店  |  地址：山东济南绿地中心共青团路56号（易捷便利店旁）  |  人均价格：105'], ['春江饭店  |  地址：山东济南绿地中心共青团路56号（易捷便利店旁）  |  人均价格：105', '草包包子铺1937  |  地址：山东济南绿地中心普利街15号（近趵突泉）  |  人均价格：35'], ['锦一味炒鸡  |  地址：山东济南北园大街北关北路二号  |  人均价格：77', '明湖楼·精致鲁菜  |  地址：山东济南大明湖明湖北路271号大明湖公园北门内  |  人均价格：85'], ['明湖楼·精致鲁菜  |  地址：山东济南大明湖明湖北路271号大明湖公园北门内  |  人均价格：85', '老济南的味道特色菜馆  |  地址：山东济南大明湖泉城路街道辘轳把子街20号  |  人均价格：71']]"
2025-06-14,"{'itinerary': '趵突泉景区->黑虎泉->珍珠泉->五龙潭园区', '总体理由': '精选济南四大名泉，体验泉水文化，感受自然与历史的完美融合。', 'pois': {'15': '趵突泉景区，泉水喷涌如雪，气势磅礴。这里不仅是济南的标志，更是一幅活生生的水墨画，让人沉醉于泉水与古建筑的和谐之美。', '3': '黑虎泉，泉水清澈见底，仿佛能洗涤心灵。漫步泉边，听泉水叮咚，感受济南独有的泉水文化，参与非遗手工，更添趣味。', '4': '珍珠泉，池底气泡如珍珠般串串上升，静谧而神秘。这里的古建筑与泉水相映成趣，是逃离喧嚣的绝佳去处。', '10': '五龙潭园区，泉水与园林艺术完美结合。五龙喷水的壮观景象，让人不禁感叹大自然的鬼斧神工与古人的智慧。'}}","1, 2, 3, 4, 5, 6, 7, 8, 9, 10, 11, 12, 13, 14, 15",http://127.0.0.1:5000/output/2025_06_14_16_48_zh.html,4,"[['如家酒店(大观园万达广场店)  |  星级：二星', '和颐至尚酒店(趵突泉店)  |  星级：四星'], ['尚客优酒店(泉城广场齐鲁医院店)  |  星级：二星', '汉庭酒店(济南泉城广场朝山街店)  |  星级：二星'], ['格林豪泰智选酒店(芙蓉街趵突泉泉城广场店）  |  星级：二星', '如家酒店(泉城路芙蓉街店)  |  星级：二星'], ['如家酒店(大观园万达广场店)  |  星级：二星', '艺龙万国酒店(济南火车站大明湖景区店)  |  星级：三星']]","[['草包包子铺1937  |  地址：山东济南绿地中心普利街15号（近趵突泉）  |  人均价格：35', '春江饭店  |  地址：山东济南绿地中心共青团路56号（易捷便利店旁）  |  人均价格：105'], ['福利来酒店  |  地址：山东济南泉城广场/银座新天地泺源大街68号  |  人均价格：130', '济南玉泉森信大酒店-中餐厅  |  地址：山东济南泉城广场/银座新天地泺源大街68号玉泉森信大酒店(近银座商城)  |  人均价格：127'], ['老济南的味道特色菜馆  |  地址：山东济南大明湖泉城路街道辘轳把子街20号  |  人均价格：71', '明湖楼·精致鲁菜  |  地址：山东济南大明湖明湖北路271号大明湖公园北门内  |  人均价格：85'], ['春江饭店  |  地址：山东济南绿地中心共青团路56号（易捷便利店旁）  |  人均价格：105', '草包包子铺1937  |  地址：山东济南绿地中心普利街15号（近趵突泉）  |  人均价格：35']]"
2025-06-14,"{'itinerary': '趵突泉景区->五龙潭园区->大明湖景区->泉城广场', '总体理由': '这条路线串联了济南最著名的泉水景观和城市地标，让游客在一天内感受泉城的自然与人文魅力。', 'pois': {'1': '五龙潭园区，泉水喷涌如龙腾跃，碧波荡漾间倒映着古朴亭台。漫步石板小径，听泉水叮咚，看锦鲤嬉戏，仿佛置身水墨丹青。', '6': '大明湖景区，一城山色半城湖的画卷在此展开。乘画舫掠过水面，看超然楼倒映碧波，柳枝轻拂间尽是诗情画意。', '15': '泉城广场，莲花喷泉与蓝色泉标交相辉映。夜幕降临时，灯光将音乐喷泉染成流动的星河，现代都市的繁华在此绽放。', '16': '趵突泉景区，三股清泉昼夜不息地喷涌，如雪浪翻腾。观澜亭前品茗听泉，在李清照纪念馆感受词人笔下的济南韵味。'}}","1, 2, 3, 4, 5, 6, 7, 8, 9, 10, 11, 12, 13, 14, 15, 16",http://127.0.0.1:5000/output/2025_06_14_16_48_zh.html,4,"[['如家酒店(大观园万达广场店)  |  星级：二星', '艺龙万国酒店(济南火车站大明湖景区店)  |  星级：三星'], ['锦江之星酒店(济南大明湖店)  |  星级：二星', '和颐至尚酒店(趵突泉店)  |  星级：四星'], ['和颐至尚酒店(趵突泉店)  |  星级：四星', '汉庭酒店(趵突泉店)  |  星级：二星'], ['如家酒店(大观园万达广场店)  |  星级：二星', '和颐至尚酒店(趵突泉店)  |  星级：四星']]","[['春江饭店  |  地址：山东济南绿地中心共青团路56号（易捷便利店旁）  |  人均价格：105', '草包包子铺1937  |  地址：山东济南绿地中心普利街15号（近趵突泉）  |  人均价格：35'], ['锦一味炒鸡  |  地址：山东济南北园大街北关北路二号  |  人均价格：77', '明湖楼·精致鲁菜  |  地址：山东济南大明湖明湖北路271号大明湖公园北门内  |  人均价格：85'], ['关帝庙蜜脂园  |  地址：山东济南趵突泉共青团路3号五龙潭公园西侧关帝庙  |  人均价格：141', '金三杯酒家  |  地址：山东济南大明湖趵突泉北路12号三联大厦11楼  |  人均价格：72'], ['草包包子铺1937  |  地址：山东济南绿地中心普利街15号（近趵突泉）  |  人均价格：35', '春江饭店  |  地址：山东济南绿地中心共青团路56号（易捷便利店旁）  |  人均价格：105']]"
2025-06-14,"{'itinerary': 'Bai Hua Zhou->Teng Jiao Spring->Quancheng Eye·Sky View Platform->Jinan Daming Lake Scenic Area', 'Overall Reason': 'A harmonious blend of nature, culture, and city views, culminating in the serene beauty of Daming Lake.', 'pois': {'1': ""Our itinerary starts at Bai Hua Zhou, a leisure street where nature and culture intertwine. Stroll under the shade of blooming trees, past quaint shops, and feel the pulse of Jinan's vibrant cultural scene."", '2': 'Leaving Bai Hua Zhou, we continue to Teng Jiao Spring, a hidden gem nestled in lush greenery. The soothing sounds of flowing water and the fresh mountain air make it a perfect escape for hiking and reconnecting with nature.', '3': ""Walking along the scenic paths, we reach Quancheng Eye·Sky View Platform. Ascend to this vantage point for a breathtaking bird's-eye view of Jinan, where the city's modern skyline meets its timeless natural beauty."", '13': 'The journey culminates at Jinan Daming Lake Scenic Area, a tranquil oasis fed by natural springs. Wander along the lakeside, admire the lotus blooms, and soak in the peaceful ambiance of this iconic Jinan landmark.'}}","1, 2, 3, 4, 5, 6, 7, 8, 9, 10, 11, 12, 13",http://127.0.0.1:5000/output/2025_06_14_16_50_en.html,4,0,0
2025-06-14,"{'itinerary': '趵突泉景区->泉城广场->黑虎泉->大明湖景区', '总体理由': '精选济南四大名泉与城市地标，体验泉水文化与历史韵味，适合家庭出游与文化爱好者。', 'pois': {'16': '趵突泉景区，泉水喷涌如珠，古建筑环绕，历史文化悠久，适合家庭出游，感受济南泉水的独特魅力。', '1': '泉城广场，济南市的地标性广场，现代与传统交融，夜景迷人，适合感受城市繁华与活力。', '3': '黑虎泉，泉水清澈见底，古建筑典雅，适合体验泉水文化，参与非遗手工制作，感受宁静与祥和。', '10': '大明湖景区，天然泉水湖公园，湖光山色美不胜收，适合踏青休闲，欣赏传统戏曲表演，感受历史文化底蕴。'}}","1, 2, 3, 4, 5, 6, 7, 8, 9, 10, 11, 12, 13, 14, 15, 16",http://127.0.0.1:5000/output/2025_06_14_19_57_zh.html,4,"[['如家酒店(大观园万达广场店)  |  星级：二星', '和颐至尚酒店(趵突泉店)  |  星级：四星'], ['和颐至尚酒店(趵突泉店)  |  星级：四星', '汉庭酒店(趵突泉店)  |  星级：二星'], ['尚客优酒店(泉城广场齐鲁医院店)  |  星级：二星', '汉庭酒店(济南泉城广场朝山街店)  |  星级：二星'], ['锦江之星酒店(济南大明湖店)  |  星级：二星', '和颐至尚酒店(趵突泉店)  |  星级：四星']]","[['草包包子铺1937  |  地址：山东济南绿地中心普利街15号（近趵突泉）  |  人均价格：35', '春江饭店  |  地址：山东济南绿地中心共青团路56号（易捷便利店旁）  |  人均价格：105'], ['关帝庙蜜脂园  |  地址：山东济南趵突泉共青团路3号五龙潭公园西侧关帝庙  |  人均价格：141', '金三杯酒家  |  地址：山东济南大明湖趵突泉北路12号三联大厦11楼  |  人均价格：72'], ['福利来酒店  |  地址：山东济南泉城广场/银座新天地泺源大街68号  |  人均价格：130', '济南玉泉森信大酒店-中餐厅  |  地址：山东济南泉城广场/银座新天地泺源大街68号玉泉森信大酒店(近银座商城)  |  人均价格：127'], ['锦一味炒鸡  |  地址：山东济南北园大街北关北路二号  |  人均价格：77', '明湖楼·精致鲁菜  |  地址：山东济南大明湖明湖北路271号大明湖公园北门内  |  人均价格：85']]"
2025-06-14,"{'itinerary': '趵突泉景区->五龙潭园区->大明湖景区->百花洲', '总体理由': '一日游行程精选济南四大名泉与历史文化街区，感受泉水文化与老城韵味。', 'pois': {'15': '趵突泉景区是济南的灵魂所在，泉水喷涌如雪，三股水柱昼夜不息地跃动着这座城市的生命力。站在观澜亭前，看泉水翻涌的壮观景象，仿佛能听到千年历史的回响。', '10': '五龙潭园区宛如一幅流动的水墨画，五处泉眼如蛟龙吐水般气势磅礴。青石板路蜿蜒在古树与亭台之间，每一步都能邂逅不同的泉池景致，最适合慢慢品味泉城的静谧之美。', '6': '大明湖景区是镶嵌在济南城中的翡翠，湖面倒映着超然楼的飞檐。乘画舫缓缓划过水面，看岸边垂柳轻拂，仿佛穿越到老舍笔下的《济南的冬天》画卷中。', '7': '百花洲保留着最地道的济南烟火气，青砖小瓦的民居间藏着传统手工作坊。漫步在石板路上，鼻尖飘过油旋儿的香气，耳畔传来快书艺人的唱腔，老济南的市井生活在此鲜活重现。'}}","1, 2, 3, 4, 5, 6, 7, 8, 9, 10, 11, 12, 13, 14, 15",http://127.0.0.1:5000/output/2025_06_14_19_57_zh.html,4,"[['如家酒店(大观园万达广场店)  |  星级：二星', '和颐至尚酒店(趵突泉店)  |  星级：四星'], ['如家酒店(大观园万达广场店)  |  星级：二星', '艺龙万国酒店(济南火车站大明湖景区店)  |  星级：三星'], ['锦江之星酒店(济南大明湖店)  |  星级：二星', '和颐至尚酒店(趵突泉店)  |  星级：四星'], ['和颐至尚酒店(趵突泉店)  |  星级：四星', '汉庭酒店(趵突泉店)  |  星级：二星']]","[['草包包子铺1937  |  地址：山东济南绿地中心普利街15号（近趵突泉）  |  人均价格：35', '春江饭店  |  地址：山东济南绿地中心共青团路56号（易捷便利店旁）  |  人均价格：105'], ['春江饭店  |  地址：山东济南绿地中心共青团路56号（易捷便利店旁）  |  人均价格：105', '草包包子铺1937  |  地址：山东济南绿地中心普利街15号（近趵突泉）  |  人均价格：35'], ['锦一味炒鸡  |  地址：山东济南北园大街北关北路二号  |  人均价格：77', '明湖楼·精致鲁菜  |  地址：山东济南大明湖明湖北路271号大明湖公园北门内  |  人均价格：85'], ['老济南的味道特色菜馆  |  地址：山东济南大明湖泉城路街道辘轳把子街20号  |  人均价格：71', '春水锅贴·传统鲁菜  |  地址：山东济南大明湖花店街25号  |  人均价格：76']]"
2025-06-14,"{'itinerary': '趵突泉景区->泉城广场->黑虎泉->曲水亭风景区->千佛山风景名胜区', '总体理由': '这条路线融合了济南的泉水文化、历史韵味和自然风光，让游客在一天内深度体验舜耕文化与趵突泉的魅力。', 'pois': {'5': '趵突泉景区，济南的标志性景点，泉水喷涌的壮丽景象令人叹为观止。古建筑与泉水相映成趣，漫步其中仿佛穿越时空，感受济南泉水文化的深厚底蕴。', '6': '泉城广场，济南的城市心脏，现代与传统的完美融合。白天繁华热闹，夜晚灯光璀璨，是感受城市脉搏的理想之地。', '14': '黑虎泉，四大名泉之一，泉水清澈见底，涌动的泉水如虎啸般震撼。周边非遗手工体验让游客近距离感受传统工艺的魅力。', '9': '曲水亭风景区，老济南的历史文化街区，青石板路蜿蜒曲折，古建筑静谧祥和。漫步其中，仿佛能听到老济南的低语。', '17': '千佛山风景名胜区，登高望远，济南全景尽收眼底。佛教文化与舜耕文化在此交融，山间古迹诉说着千年历史故事。'}}","1, 2, 3, 4, 5, 6, 7, 8, 9, 10, 11, 12, 13, 14, 15, 16, 17",http://127.0.0.1:5000/output/2025_06_14_19_59_zh.html,6,"[['如家酒店(大观园万达广场店)  |  星级：二星', '和颐至尚酒店(趵突泉店)  |  星级：四星'], ['和颐至尚酒店(趵突泉店)  |  星级：四星', '汉庭酒店(趵突泉店)  |  星级：二星'], ['尚客优酒店(泉城广场齐鲁医院店)  |  星级：二星', '汉庭酒店(济南泉城广场朝山街店)  |  星级：二星'], ['和颐至尚酒店(趵突泉店)  |  星级：四星', '汉庭酒店(趵突泉店)  |  星级：二星'], ['花筑・济南舜雨书房民宿(千佛山景区店)  |  星级：四星', '维也纳酒店(济南舜耕国际会展中心店)  |  星级：三星']]","[['草包包子铺1937  |  地址：山东济南绿地中心普利街15号（近趵突泉）  |  人均价格：35', '春江饭店  |  地址：山东济南绿地中心共青团路56号（易捷便利店旁）  |  人均价格：105'], ['关帝庙蜜脂园  |  地址：山东济南趵突泉共青团路3号五龙潭公园西侧关帝庙  |  人均价格：141', '金三杯酒家  |  地址：山东济南大明湖趵突泉北路12号三联大厦11楼  |  人均价格：72'], ['福利来酒店  |  地址：山东济南泉城广场/银座新天地泺源大街68号  |  人均价格：130', '济南玉泉森信大酒店-中餐厅  |  地址：山东济南泉城广场/银座新天地泺源大街68号玉泉森信大酒店(近银座商城)  |  人均价格：127'], ['老济南的味道特色菜馆  |  地址：山东济南大明湖泉城路街道辘轳把子街20号  |  人均价格：71', '金三杯酒家  |  地址：山东济南大明湖趵突泉北路12号三联大厦11楼  |  人均价格：72'], ['舜耕山庄南风阁  |  地址：山东济南济大/国际会展中心舜耕路28号（近千佛山南路）  |  人均价格：84', '天泽府  |  地址：山东济南体育中心马鞍山路2-1号  |  人均价格：68']]"
2025-06-14,"{'itinerary': '五龙潭园区->趵突泉景区->黑虎泉->珍珠泉->千佛山风景名胜区', '总体理由': '这条路线融合了济南的泉水文化与舜耕历史，从五龙潭的宁静到千佛山的壮阔，体验自然与人文的完美结合。', 'pois': {'1': '我们的行程从五龙潭园区开始，这里泉水清澈，古树参天，漫步其中仿佛置身于一幅水墨画中，感受济南泉水文化的第一站。', '15': '离开五龙潭，我们前往趵突泉景区，泉水喷涌的壮观景象令人叹为观止，这里是济南的标志，也是泉水文化的精髓所在。', '7': '沿着泉水路线，我们来到黑虎泉，泉水从石雕虎头中喷涌而出，气势磅礴，周围的古建筑与泉水相映成趣，别有一番风味。', '9': '珍珠泉的池底不断涌出如珍珠般的气泡，泉水清澈见底，周围的亭台楼阁与泉水相得益彰，宁静而祥和。', '6': '最后我们登上千佛山，这里不仅是佛教文化的圣地，还能俯瞰济南全景，感受舜耕文化的深厚底蕴，为一天的行程画上完美句点。'}}","1, 2, 3, 4, 5, 6, 7, 8, 9, 10, 11, 12, 13, 14, 15",http://127.0.0.1:5000/output/2025_06_14_19_59_zh.html,6,"[['如家酒店(大观园万达广场店)  |  星级：二星', '艺龙万国酒店(济南火车站大明湖景区店)  |  星级：三星'], ['如家酒店(大观园万达广场店)  |  星级：二星', '和颐至尚酒店(趵突泉店)  |  星级：四星'], ['尚客优酒店(泉城广场齐鲁医院店)  |  星级：二星', '汉庭酒店(济南泉城广场朝山街店)  |  星级：二星'], ['格林豪泰智选酒店(芙蓉街趵突泉泉城广场店）  |  星级：二星', '如家酒店(泉城路芙蓉街店)  |  星级：二星'], ['花筑・济南舜雨书房民宿(千佛山景区店)  |  星级：四星', '维也纳酒店(济南舜耕国际会展中心店)  |  星级：三星']]","[['春江饭店  |  地址：山东济南绿地中心共青团路56号（易捷便利店旁）  |  人均价格：105', '草包包子铺1937  |  地址：山东济南绿地中心普利街15号（近趵突泉）  |  人均价格：35'], ['草包包子铺1937  |  地址：山东济南绿地中心普利街15号（近趵突泉）  |  人均价格：35', '春江饭店  |  地址：山东济南绿地中心共青团路56号（易捷便利店旁）  |  人均价格：105'], ['福利来酒店  |  地址：山东济南泉城广场/银座新天地泺源大街68号  |  人均价格：130', '济南玉泉森信大酒店-中餐厅  |  地址：山东济南泉城广场/银座新天地泺源大街68号玉泉森信大酒店(近银座商城)  |  人均价格：127'], ['老济南的味道特色菜馆  |  地址：山东济南大明湖泉城路街道辘轳把子街20号  |  人均价格：71', '明湖楼·精致鲁菜  |  地址：山东济南大明湖明湖北路271号大明湖公园北门内  |  人均价格：85'], ['舜耕山庄南风阁  |  地址：山东济南济大/国际会展中心舜耕路28号（近千佛山南路）  |  人均价格：84', '天泽府  |  地址：山东济南体育中心马鞍山路2-1号  |  人均价格：68']]"
2025-06-14,"{'itinerary': '趵突泉景区->五龙潭园区->大明湖景区->超然楼', '总体理由': '一日游行程精选济南四大名泉与湖光山色，感受泉水文化与历史建筑的交融。', 'pois': {'15': '趵突泉景区是济南的标志性景点，泉水喷涌如雪，古建筑环绕，仿佛能听到历史的低语。', '10': '五龙潭园区泉水清澈见底，喷发时如五龙腾空，园内绿树成荫，是感受自然与文化的绝佳之地。', '6': '大明湖景区湖光山色交相辉映，漫步湖畔，可欣赏传统戏曲表演，体验济南的泉水文化。', '5': '超然楼始建于元代，登楼远眺，大明湖美景尽收眼底，古建筑的魅力与湖光山色相得益彰。'}}","1, 2, 3, 4, 5, 6, 7, 8, 9, 10, 11, 12, 13, 14, 15",http://127.0.0.1:5000/output/2025_06_14_22_08_zh.html,4,"[['如家酒店(大观园万达广场店)  |  星级：二星', '和颐至尚酒店(趵突泉店)  |  星级：四星'], ['如家酒店(大观园万达广场店)  |  星级：二星', '艺龙万国酒店(济南火车站大明湖景区店)  |  星级：三星'], ['锦江之星酒店(济南大明湖店)  |  星级：二星', '和颐至尚酒店(趵突泉店)  |  星级：四星'], ['格林豪泰智选酒店(芙蓉街趵突泉泉城广场店）  |  星级：二星', '锦江之星酒店(济南大明湖店)  |  星级：二星']]","[['草包包子铺1937  |  地址：山东济南绿地中心普利街15号（近趵突泉）  |  人均价格：35', '春江饭店  |  地址：山东济南绿地中心共青团路56号（易捷便利店旁）  |  人均价格：105'], ['春江饭店  |  地址：山东济南绿地中心共青团路56号（易捷便利店旁）  |  人均价格：105', '草包包子铺1937  |  地址：山东济南绿地中心普利街15号（近趵突泉）  |  人均价格：35'], ['锦一味炒鸡  |  地址：山东济南北园大街北关北路二号  |  人均价格：77', '明湖楼·精致鲁菜  |  地址：山东济南大明湖明湖北路271号大明湖公园北门内  |  人均价格：85'], ['明湖楼·精致鲁菜  |  地址：山东济南大明湖明湖北路271号大明湖公园北门内  |  人均价格：85', '老济南的味道特色菜馆  |  地址：山东济南大明湖泉城路街道辘轳把子街20号  |  人均价格：71']]"
2025-06-14,"{'itinerary': 'Baotu Spring Scenic Area->Daming Lake Scenic Area->Quancheng Eye·Sky View Platform->Zhongshan Park->Chao Ran Tower', 'Overall Reason': 'This itinerary blends natural beauty, cultural heritage, and panoramic city views, perfect for a solo traveler seeking a mix of tranquility and exploration.', 'pois': {'8': 'Our itinerary starts at Baotu Spring Scenic Area, where the magnificent spring eruptions create a mesmerizing spectacle. The sound of bubbling water and the lush surroundings offer a serene escape, rich in historical and cultural heritage.', '17': 'Leaving Baotu Spring, we continue to Daming Lake Scenic Area, a natural spring-fed lake park. The tranquil waters and picturesque scenery make it an ideal spot for leisurely strolls and quiet reflection.', '5': ""Walking along the lake, we reach Quancheng Eye·Sky View Platform, offering a bird's-eye view of Jinan's scenic beauty. The blend of modern architecture and natural vistas is truly breathtaking."", '6': 'Descending from the heights, we arrive at Zhongshan Park, a recreational square blending natural and cultural landscapes. The vibrant atmosphere and family-friendly spaces provide a perfect mid-day break.', '16': 'Our journey concludes at Chao Ran Tower, originally built in the Yuan Dynasty. This historical building, set against a backdrop of natural beauty, offers a peaceful end to a day of exploration.'}}","1, 2, 3, 4, 5, 6, 7, 8, 9, 10, 11, 12, 13, 14, 15, 16, 17",http://127.0.0.1:5000/output/2025_06_14_22_15_en.html,6,0,0
2025-06-14,"{'itinerary': ""Jinan World's First Spring Scenic Area->Black Tiger Spring->Quancheng Square->Daming Lake Scenic Area->Furong Street"", 'Overall Reason': ""A serene yet vibrant solo journey through Jinan's iconic springs, cultural landmarks, and bustling streets, culminating in the tranquil beauty of Daming Lake."", 'pois': {'2': ""Our itinerary starts at Jinan World's First Spring Scenic Area, where the harmony of river, lake, and springs creates a mesmerizing natural symphony. The crystal-clear waters and lush surroundings offer a peaceful retreat."", '3': ""Leaving the First Spring, we continue to Black Tiger Spring, one of Jinan's Four Famous Springs. The powerful gush of water from the tiger-head carvings is both awe-inspiring and soothing, a perfect spot for quiet reflection."", '4': ""Walking along the scenic paths, we reach Quancheng Square, a vibrant hub blending modernity with tradition. The panoramic views and lively atmosphere make it an ideal place to soak in Jinan's urban charm."", '19': 'Next, we immerse ourselves in the tranquil beauty of Daming Lake Scenic Area. The spring-fed lake, with its serene waters and picturesque surroundings, offers a perfect escape for solo travelers seeking peace.', '6': ""Our journey concludes at Furong Street, a bustling snack street where the aromas of local delicacies fill the air. It's a delightful finale, offering a taste of Jinan's vibrant culinary scene.""}}","1, 2, 3, 4, 5, 6, 7, 8, 9, 10, 11, 12, 13, 14, 15, 16, 17, 18, 19",http://127.0.0.1:5000/output/2025_06_14_22_19_en.html,6,0,0
2025-06-14,"{'itinerary': '趵突泉景区->五龙潭园区->大明湖景区->曲水亭风景区->百花洲', '总体理由': '这条路线串联了济南最著名的泉水景观与历史文化街区，让游客在一天内深度体验泉城的独特魅力。', 'pois': {'16': '趵突泉景区是济南的标志性景点，泉水喷涌的壮观景象令人叹为观止。这里不仅能感受千年泉水文化，还能欣赏精美的古建筑群，是了解济南的第一站。', '15': '五龙潭园区以其迷人的泉水景观闻名，五个泉眼如五龙吐水般壮观。园内古树参天，亭台楼阁点缀其间，是感受济南泉水与园林艺术的绝佳去处。', '10': '大明湖景区风光秀丽，湖面如镜，倒映着周围的古建筑。这里不仅有深厚的文化底蕴，还能欣赏传统戏曲表演，体验济南独特的泉水文化。', '8': '曲水亭风景区保留着老济南的历史风貌，青石板路两旁是古朴的建筑。漫步其中，仿佛穿越时空，感受这座古城往昔的韵味与宁静。', '9': '百花洲是济南最具特色的休闲街区之一，传统建筑与现代商业完美融合。这里不仅能品尝地道小吃，还能欣赏精美的古建筑，感受浓郁的市井气息。'}}","1, 2, 3, 4, 5, 6, 7, 8, 9, 10, 11, 12, 13, 14, 15, 16",http://127.0.0.1:5000/output/2025_06_14_22_22_zh.html,5,"[['如家酒店(大观园万达广场店)  |  星级：二星', '和颐至尚酒店(趵突泉店)  |  星级：四星'], ['如家酒店(大观园万达广场店)  |  星级：二星', '艺龙万国酒店(济南火车站大明湖景区店)  |  星级：三星'], ['锦江之星酒店(济南大明湖店)  |  星级：二星', '和颐至尚酒店(趵突泉店)  |  星级：四星'], ['和颐至尚酒店(趵突泉店)  |  星级：四星', '汉庭酒店(趵突泉店)  |  星级：二星'], ['和颐至尚酒店(趵突泉店)  |  星级：四星', '汉庭酒店(趵突泉店)  |  星级：二星']]","[['草包包子铺1937  |  地址：山东济南绿地中心普利街15号（近趵突泉）  |  人均价格：35', '春江饭店  |  地址：山东济南绿地中心共青团路56号（易捷便利店旁）  |  人均价格：105'], ['春江饭店  |  地址：山东济南绿地中心共青团路56号（易捷便利店旁）  |  人均价格：105', '草包包子铺1937  |  地址：山东济南绿地中心普利街15号（近趵突泉）  |  人均价格：35'], ['锦一味炒鸡  |  地址：山东济南北园大街北关北路二号  |  人均价格：77', '明湖楼·精致鲁菜  |  地址：山东济南大明湖明湖北路271号大明湖公园北门内  |  人均价格：85'], ['老济南的味道特色菜馆  |  地址：山东济南大明湖泉城路街道辘轳把子街20号  |  人均价格：71', '金三杯酒家  |  地址：山东济南大明湖趵突泉北路12号三联大厦11楼  |  人均价格：72'], ['老济南的味道特色菜馆  |  地址：山东济南大明湖泉城路街道辘轳把子街20号  |  人均价格：71', '春水锅贴·传统鲁菜  |  地址：山东济南大明湖花店街25号  |  人均价格：76']]"
2025-06-14,"{'itinerary': '趵突泉景区->五龙潭园区->大明湖景区->超然楼->百花洲', '总体理由': '一日游行程涵盖济南泉水文化、历史建筑与自然风光，体验城市独特魅力。', 'pois': {'16': '趵突泉景区，泉水喷涌如珠，古建筑环绕，是济南的标志性景点。泉水文化深厚，适合家庭出游，感受泉城的独特魅力。', '12': '五龙潭园区，泉水公园景色迷人，泉水喷发壮丽，自然与人文景观完美融合，适合休闲漫步。', '8': '大明湖景区，天然泉水湖风光秀美，湖光山色间可欣赏传统戏曲表演，感受济南的泉水文化。', '6': '超然楼，始建于元代的历史建筑，登楼可俯瞰大明湖美景，感受古建筑的宁静与历史的厚重。', '9': '百花洲，休闲街区充满老济南韵味，古建筑宁静典雅，适合文化爱好者感受城市的历史底蕴。'}}","1, 2, 3, 4, 5, 6, 7, 8, 9, 10, 11, 12, 13, 14, 15, 16",http://127.0.0.1:5000/output/2025_06_14_22_22_zh.html,5,"[['如家酒店(大观园万达广场店)  |  星级：二星', '和颐至尚酒店(趵突泉店)  |  星级：四星'], ['如家酒店(大观园万达广场店)  |  星级：二星', '艺龙万国酒店(济南火车站大明湖景区店)  |  星级：三星'], ['锦江之星酒店(济南大明湖店)  |  星级：二星', '和颐至尚酒店(趵突泉店)  |  星级：四星'], ['格林豪泰智选酒店(芙蓉街趵突泉泉城广场店）  |  星级：二星', '锦江之星酒店(济南大明湖店)  |  星级：二星'], ['和颐至尚酒店(趵突泉店)  |  星级：四星', '汉庭酒店(趵突泉店)  |  星级：二星']]","[['草包包子铺1937  |  地址：山东济南绿地中心普利街15号（近趵突泉）  |  人均价格：35', '春江饭店  |  地址：山东济南绿地中心共青团路56号（易捷便利店旁）  |  人均价格：105'], ['春江饭店  |  地址：山东济南绿地中心共青团路56号（易捷便利店旁）  |  人均价格：105', '草包包子铺1937  |  地址：山东济南绿地中心普利街15号（近趵突泉）  |  人均价格：35'], ['锦一味炒鸡  |  地址：山东济南北园大街北关北路二号  |  人均价格：77', '明湖楼·精致鲁菜  |  地址：山东济南大明湖明湖北路271号大明湖公园北门内  |  人均价格：85'], ['明湖楼·精致鲁菜  |  地址：山东济南大明湖明湖北路271号大明湖公园北门内  |  人均价格：85', '老济南的味道特色菜馆  |  地址：山东济南大明湖泉城路街道辘轳把子街20号  |  人均价格：71'], ['老济南的味道特色菜馆  |  地址：山东济南大明湖泉城路街道辘轳把子街20号  |  人均价格：71', '春水锅贴·传统鲁菜  |  地址：山东济南大明湖花店街25号  |  人均价格：76']]"
