线路名,起点,终点,运营日期,首班车时间,末班车时间,票价,折扣方式,具体站点信息
K1路,重汽彩世界,洪家楼,发车时间,5:00,22:30,2元,济南公交刷卡、支付宝八折优惠,站点详情
K1路,洪家楼,重汽彩世界,发车时间,5:00,22:30,2元,济南公交刷卡、支付宝八折优惠,站点详情
摆渡线路1,省府北门,趵突泉东门,临时停运,10:00,22:00,1元,济南公交刷卡、支付宝八折优惠,站点详情
摆渡线路1,趵突泉东门,省府北门,临时停运,10:00,22:00,1元,济南公交刷卡、支付宝八折优惠,站点详情
K2路,匡山小区,中心医院,发车时间,5:00,21:00,2元,济南公交刷卡、支付宝八折优惠,站点详情
K2路,中心医院,匡山小区,发车时间,5:40,21:40,2元,济南公交刷卡、支付宝八折优惠,站点详情
摆渡线路2,大明湖,大明湖,临时停运,10:00,22:00,1元,济南公交刷卡、支付宝八折优惠,站点详情
K3路,石门,济南站,发车时间,5:00,22:00,2元,济南公交刷卡、支付宝八折优惠,站点详情
K3路,济南站,石门,发车时间,5:35,22:40,2元,济南公交刷卡、支付宝八折优惠,站点详情
K4路,二环北路公交车场,分水岭南,发车时间,5:00,0:30,2元,济南公交刷卡、支付宝八折优惠,站点详情
K4路,分水岭南,二环北路公交车场,发车时间,5:00,0:00,2元,济南公交刷卡、支付宝八折优惠,站点详情
K5路,太平洋小区,解放桥,发车时间,5:30,21:50,2元,济南公交刷卡、支付宝八折优惠,站点详情
K5路,解放桥,太平洋小区,发车时间,6:05,22:30,2元,济南公交刷卡、支付宝八折优惠,站点详情
K6路,王官庄小区东区,大明湖火车站,发车时间,5:50,21:00,2元,济南公交刷卡、支付宝八折优惠,站点详情
K6路,大明湖火车站,王官庄小区东区,发车时间,6:00,21:00,2元,济南公交刷卡、支付宝八折优惠,站点详情
K7路,王府庄,经五纬一,发车时间,5:30,21:30,2元,济南公交刷卡、支付宝八折优惠,站点详情
K7路,经五纬一,王府庄,发车时间,5:30,22:20,2元,济南公交刷卡、支付宝八折优惠,站点详情
K9路,省建筑机械厂,济南站,发车时间,5:25,21:30,2元,济南公交刷卡、支付宝八折优惠,站点详情
K9路,济南站,省建筑机械厂,发车时间,6:00,22:05,2元,济南公交刷卡、支付宝八折优惠,站点详情
K10路,洪家楼,王辛,发车时间,6:00,21:00,2元,济南公交刷卡、支付宝八折优惠,站点详情
K10路,王辛,洪家楼,发车时间,5:50,21:00,2元,济南公交刷卡、支付宝八折优惠,站点详情
K10支,柿子园村,花园路二环东路,发车时间,5:30,21:00,2元,济南公交刷卡、支付宝八折优惠,站点详情
K10支,花园路二环东路,柿子园村,发车时间,6:00,21:00,2元,济南公交刷卡、支付宝八折优惠,站点详情
K11路,十里河,济南站,发车时间,5:00,22:00,2元,济南公交刷卡、支付宝八折优惠,站点详情
K11路,济南站,十里河,发车时间,5:35,22:40,2元,济南公交刷卡、支付宝八折优惠,站点详情
K12路,东宇花园,五柳闸,发车时间,5:15,21:00,2元,济南公交刷卡、支付宝八折优惠,站点详情
K12路,五柳闸,东宇花园,发车时间,6:00,21:45,2元,济南公交刷卡、支付宝八折优惠,站点详情
K13路,白马山公交车场,青年桥,发车时间,6:00,21:00,2元,济南公交刷卡、支付宝八折优惠,站点详情
K13路,青年桥,白马山公交车场,发车时间,6:00,21:00,2元,济南公交刷卡、支付宝八折优惠,站点详情
K14路,青年桥东,水屯路新黄路,发车时间,6:00,21:30,2元,济南公交刷卡、支付宝八折优惠,站点详情
K14路,水屯路新黄路,青年桥东,发车时间,6:00,21:30,2元,济南公交刷卡、支付宝八折优惠,站点详情
K15路,动物园,省体育中心,发车时间,6:00,21:00,2元,济南公交刷卡、支付宝八折优惠,站点详情
K15路,省体育中心,动物园,发车时间,6:00,21:45,2元,济南公交刷卡、支付宝八折优惠,站点详情
B16路,青年桥,盐仓码头,发车时间,6:00,21:00,2元,济南公交刷卡、支付宝八折优惠,站点详情
B16路,盐仓码头,青年桥,发车时间,6:00,21:00,2元,济南公交刷卡、支付宝八折优惠,站点详情
K17路,西八公交车场,大涧沟东小学,发车时间,6:00,21:00,2元,济南公交刷卡、支付宝八折优惠,站点详情
K17路,大涧沟东小学,西八公交车场,发车时间,5:45,21:10,2元,济南公交刷卡、支付宝八折优惠,站点详情
B18路,省立医院东院区,济南站,发车时间,5:00,23:35,2元,济南公交刷卡、支付宝八折优惠,站点详情
B18路,济南站,省立医院东院区,发车时间,5:40,0:20,2元,济南公交刷卡、支付宝八折优惠,站点详情
K19路,杨柳春风公交车场,省立医院,发车时间,5:50,20:30,2元,济南公交刷卡、支付宝八折优惠,站点详情
K19路,省立医院,杨柳春风公交车场,发车时间,6:40,21:15,2元,济南公交刷卡、支付宝八折优惠,站点详情
K20路,公交营运中心,纬十二路经二路,发车时间,5:00,21:00,2元,济南公交刷卡、支付宝八折优惠,站点详情
K20路,纬十二路经二路,公交营运中心,发车时间,6:00,21:10,2元,济南公交刷卡、支付宝八折优惠,站点详情
K21路,重汽卡车公司,济南站,发车时间,5:30,20:30,2元,济南公交刷卡、支付宝八折优惠,站点详情
K21路,济南站,重汽南路公交车场,发车时间,6:00,21:00,2元,济南公交刷卡、支付宝八折优惠,站点详情
K22路,经十西路峰山路,经十路营市街,发车时间,5:00,20:00,2元,济南公交刷卡、支付宝八折优惠,站点详情
K22路,经十路营市街,经十西路峰山路,发车时间,6:20,21:50,2元,济南公交刷卡、支付宝八折优惠,站点详情
23路,陡沟,岳尔庄西,发车时间,6:30,20:30,1元,济南公交刷卡、支付宝八折优惠,站点详情
23路,岳尔庄西,陡沟,发车时间,6:45,20:45,1元,济南公交刷卡、支付宝八折优惠,站点详情
K24路,文昌柿子园公交车场,山东师范大学,发车时间,6:20,22:00,2元,济南公交刷卡、支付宝八折优惠,站点详情
K24路,山东师范大学,文昌柿子园公交车场,发车时间,7:00,22:15,2元,济南公交刷卡、支付宝八折优惠,站点详情
K25路,炒米店,宾谷街,发车时间,6:10,20:00,2元,济南公交刷卡、支付宝八折优惠,站点详情
K25路,宾谷街,炒米店,发车时间,7:05,21:00,2元,济南公交刷卡、支付宝八折优惠,站点详情
K26路,地铁八里桥站,西张家庄,发车时间,5:50,20:30,2元,济南公交刷卡、支付宝八折优惠,站点详情
K26路,西张家庄,八里桥,发车时间,6:10,20:30,2元,济南公交刷卡、支付宝八折优惠,站点详情
K27路,山东汽配城,宁康街北康路,发车时间,6:00,21:00,2元,济南公交刷卡、支付宝八折优惠,站点详情
K27路,宁康街北康路,山东汽配城,发车时间,6:00,21:00,2元,济南公交刷卡、支付宝八折优惠,站点详情
K28路,青年桥东,国华东方美郡,发车时间,6:00,21:00,2元,济南公交刷卡、支付宝八折优惠,站点详情
K28路,国华东方美郡,青年桥东,发车时间,6:00,21:00,2元,济南公交刷卡、支付宝八折优惠,站点详情
K29路,文贤居,天桥南,发车时间,5:20,21:30,2元,济南公交刷卡、支付宝八折优惠,站点详情
K29路,天桥南,文贤居,发车时间,6:00,22:15,2元,济南公交刷卡、支付宝八折优惠,站点详情
K30路,公交祝甸车场,泺口服装城,发车时间,6:00,21:00,2元,济南公交刷卡、支付宝八折优惠,站点详情
K30路,泺口服装城,公交祝甸车场,发车时间,6:00,21:45,2元,济南公交刷卡、支付宝八折优惠,站点详情
K31路,黄台家居广场,燕山立交桥东,发车时间,6:00,21:20,2元,济南公交刷卡、支付宝八折优惠,站点详情
K31路,燕山立交桥东,黄台家居广场,发车时间,6:00,22:00,2元,济南公交刷卡、支付宝八折优惠,站点详情
K32路,清雅居,新世界商城,发车时间,5:30,21:30,2元,济南公交刷卡、支付宝八折优惠,站点详情
K32路,新世界商城,清雅居,发车时间,6:00,21:50,2元,济南公交刷卡、支付宝八折优惠,站点详情
K33路,地铁北园站,映月紫云城,发车时间,5:30,21:00,2元,济南公交刷卡、支付宝八折优惠,站点详情
K33路,映月紫云城,地铁北园站,发车时间,6:05,21:40,2元,济南公交刷卡、支付宝八折优惠,站点详情
K34路,阳光舜城重华苑,济南站,发车时间,5:30,21:30,2元,济南公交刷卡、支付宝八折优惠,站点详情
K34路,济南站,阳光舜城重华苑,发车时间,6:00,22:00,2元,济南公交刷卡、支付宝八折优惠,站点详情
B36路,郎茂山小区,济南二中,发车时间,5:30,22:00,2元,济南公交刷卡、支付宝八折优惠,站点详情
B36路,济南二中,郎茂山小区,发车时间,5:30,22:30,2元,济南公交刷卡、支付宝八折优惠,站点详情
K37路,铁厂北路公交车场,解放桥东,发车时间,6:00,21:00,2元,济南公交刷卡、支付宝八折优惠,站点详情
K37路,解放桥东,铁厂北路公交车场,发车时间,6:00,21:45,2元,济南公交刷卡、支付宝八折优惠,站点详情
K38路,青岛路公交车场,经十路北小辛庄西街,发车时间,5:50,20:00,2元,济南公交刷卡、支付宝八折优惠,站点详情
K38路,经十路北小辛庄西街,青岛路公交车场,发车时间,6:00,20:50,2元,济南公交刷卡、支付宝八折优惠,站点详情
K38支,青岛路公交车场,引桥,发车时间,6:00,18:30,2元,济南公交刷卡、支付宝八折优惠,站点详情
K38支,引桥,青岛路公交车场,发车时间,6:25,18:55,2元,济南公交刷卡、支付宝八折优惠,站点详情
K39路,领秀城西门,解放桥南,发车时间,5:20,22:00,2元,济南公交刷卡、支付宝八折优惠,站点详情
K39路,解放桥南,领秀城西门,发车时间,6:00,22:40,2元,济南公交刷卡、支付宝八折优惠,站点详情
K41路,中海御峰官邸,大明湖东门,发车时间,5:15,22:00,2元,济南公交刷卡、支付宝八折优惠,站点详情
K41路,大明湖东门,中海御峰官邸,发车时间,5:30,22:30,2元,济南公交刷卡、支付宝八折优惠,站点详情
K42路,英雄山立交桥北,段兴东路张庄路,发车时间,5:55,21:00,2元,济南公交刷卡、支付宝八折优惠,站点详情
K42路,段兴西路张庄路,英雄山立交桥北,发车时间,6:00,21:05,2元,济南公交刷卡、支付宝八折优惠,站点详情
K43路,领秀城西门,济南站,发车时间,5:30,21:40,2元,济南公交刷卡、支付宝八折优惠,站点详情
K43路,济南站,领秀城西门,发车时间,6:00,22:30,2元,济南公交刷卡、支付宝八折优惠,站点详情
K45路,匡山小区,解放桥北,发车时间,5:30,21:00,2元,济南公交刷卡、支付宝八折优惠,站点详情
K45路,解放桥北,匡山小区,发车时间,6:10,21:40,2元,济南公交刷卡、支付宝八折优惠,站点详情
K46路,大明湖东门,幸福柳广场东,发车时间,5:30,21:30,2元,济南公交刷卡、支付宝八折优惠,站点详情
K46路,幸福柳广场东,大明湖东门,发车时间,6:00,21:30,2元,济南公交刷卡、支付宝八折优惠,站点详情
K47路,解放桥北,地铁鲍山站,发车时间,5:30,22:40,2元,济南公交刷卡、支付宝八折优惠,站点详情
K47路,地铁鲍山站,解放桥北,发车时间,6:00,23:30,2元,济南公交刷卡、支付宝八折优惠,站点详情
K48路,山大兴隆山校区,洪家楼南路花园路,发车时间,5:45,21:00,2元,济南公交刷卡、支付宝八折优惠,站点详情
K48路,洪家楼南路花园路,山大兴隆山校区,发车时间,6:00,21:30,2元,济南公交刷卡、支付宝八折优惠,站点详情
K49路,黄金山水郡公交车场,站前路南口,发车时间,5:25,21:30,2元,济南公交刷卡、支付宝八折优惠,站点详情
K49路,站前路南口,黄金山水郡公交车场,发车时间,6:05,22:15,2元,济南公交刷卡、支付宝八折优惠,站点详情
K50路,大坝公交车场,山东技师学院,发车时间,6:00,21:00,2元,济南公交刷卡、支付宝八折优惠,站点详情
K50路,山东技师学院,大坝公交车场,发车时间,6:00,21:00,2元,济南公交刷卡、支付宝八折优惠,站点详情
K51路,环山小区,济南站,发车时间,6:00,22:00,2元,济南公交刷卡、支付宝八折优惠,站点详情
K51路,济南站,环山小区,发车时间,6:00,22:30,2元,济南公交刷卡、支付宝八折优惠,站点详情
B52路,公交集团,山大兴隆山校区,发车时间,6:00,22:00,2元,济南公交刷卡、支付宝八折优惠,站点详情
B52路,山大兴隆山校区,公交集团,发车时间,6:00,22:00,2元,济南公交刷卡、支付宝八折优惠,站点详情
B53路,大坝公交车场,友谊苑小区,发车时间,6:00,20:30,2元,济南公交刷卡、支付宝八折优惠,站点详情
B53路,友谊苑小区,大坝公交车场,发车时间,6:00,20:30,2元,济南公交刷卡、支付宝八折优惠,站点详情
K54路,地铁历山路站,东八里洼,发车时间,6:30,22:30,2元,济南公交刷卡、支付宝八折优惠,站点详情
K54路,东八里洼,地铁历山路站,发车时间,6:30,22:30,2元,济南公交刷卡、支付宝八折优惠,站点详情
K55路,还乡店,山东医高专,发车时间,6:00,22:00,2元,济南公交刷卡、支付宝八折优惠,站点详情
K55路,山东医高专,还乡店,发车时间,6:00,22:00,2元,济南公交刷卡、支付宝八折优惠,站点详情
K56路,省肿瘤医院西,山东技师学院,发车时间,5:40,21:00,2元,济南公交刷卡、支付宝八折优惠,站点详情
K56路,山东技师学院,省肿瘤医院西,发车时间,6:00,21:00,2元,济南公交刷卡、支付宝八折优惠,站点详情
B57路,大坝公交车场,济钢新村,发车时间,6:00,21:00,2元,济南公交刷卡、支付宝八折优惠,站点详情
B57路,济钢新村,大坝公交车场,发车时间,5:50,21:00,2元,济南公交刷卡、支付宝八折优惠,站点详情
K58路,济南西站公交枢纽,动物园,发车时间,5:30,0:00,2元,济南公交刷卡、支付宝八折优惠,站点详情
K58路,动物园,济南西站公交枢纽,发车时间,5:40,0:00,2元,济南公交刷卡、支付宝八折优惠,站点详情
K59路,山东汽配城,浆水泉路荆山东路,发车时间,5:30,22:00,2元,济南公交刷卡、支付宝八折优惠,站点详情
K59路,浆水泉路荆山东路,山东汽配城,发车时间,6:00,22:30,2元,济南公交刷卡、支付宝八折优惠,站点详情
K60路,西八公交车场,波罗峪,发车时间,6:30,20:00,2元,济南公交刷卡、支付宝八折优惠,站点详情
K60路,波罗峪,西八公交车场,发车时间,5:45,18:30,2元,济南公交刷卡、支付宝八折优惠,站点详情
K61路,陡沟,腊山立交桥,发车时间,5:50,20:30,2元,济南公交刷卡、支付宝八折优惠,站点详情
K61路,腊山立交桥,陡沟,发车时间,6:20,21:00,2元,济南公交刷卡、支付宝八折优惠,站点详情
B62路,省立医院东院区,英雄山路六里山南路,发车时间,6:00,21:00,2元,济南公交刷卡、支付宝八折优惠,站点详情
B62路,英雄山路六里山南路,省立医院东院区,发车时间,6:00,21:35,2元,济南公交刷卡、支付宝八折优惠,站点详情
B63路,刘智远村北,解放桥东,发车时间,6:00,21:00,2元,济南公交刷卡、支付宝八折优惠,站点详情
B63路,解放桥东,公交新泺大街东口车场,发车时间,6:00,21:40,2元,济南公交刷卡、支付宝八折优惠,站点详情
K64路,英雄山立交桥北,甸柳庄,发车时间,5:15,21:00,2元,济南公交刷卡、支付宝八折优惠,站点详情
K64路,甸柳庄,英雄山立交桥北,发车时间,5:30,21:50,2元,济南公交刷卡、支付宝八折优惠,站点详情
65路,西八公交车场,西营,发车时间,6:00,20:00,2元,济南公交刷卡、支付宝八折优惠,站点详情
65路,西营,西八公交车场,发车时间,5:30,18:00,2元,济南公交刷卡、支付宝八折优惠,站点详情
K66路,领秀城东区公交车场,动物园,发车时间,5:30,22:30,2元,济南公交刷卡、支付宝八折优惠,站点详情
K66路,动物园,领秀城东区公交车场,发车时间,4:50,22:30,2元,济南公交刷卡、支付宝八折优惠,站点详情
67路,无影山,李家塘,发车时间,6:00,19:00,3元,济南公交刷卡、支付宝八折优惠,站点详情
67路,李家塘,无影山,发车时间,5:30,19:00,3元,济南公交刷卡、支付宝八折优惠,站点详情
B68路,动物园,环山小区,发车时间,6:00,21:00,2元,济南公交刷卡、支付宝八折优惠,站点详情
B68路,环山小区,动物园,发车时间,6:00,21:00,2元,济南公交刷卡、支付宝八折优惠,站点详情
K69路,黄台家居广场,无影山,发车时间,6:00,20:30,2元,济南公交刷卡、支付宝八折优惠,站点详情
K69路,无影山,黄台家居广场,发车时间,6:35,21:05,2元,济南公交刷卡、支付宝八折优惠,站点详情
B70路,盖家沟,银座商城,发车时间,6:00,21:00,2元,济南公交刷卡、支付宝八折优惠,站点详情
B70路,银座商城,盖家沟,发车时间,6:40,21:40,2元,济南公交刷卡、支付宝八折优惠,站点详情
B71路,孟家,地铁张马屯站,发车时间,5:30,21:00,2元,济南公交刷卡、支付宝八折优惠,站点详情
B71路,地铁张马屯站,孟家,发车时间,6:10,21:40,2元,济南公交刷卡、支付宝八折优惠,站点详情
K72路,清雅居,泉城广场,发车时间,5:45,20:50,2元,济南公交刷卡、支付宝八折优惠,站点详情
K72路,泉城广场,清雅居,发车时间,6:00,21:55,2元,济南公交刷卡、支付宝八折优惠,站点详情
K73路,龙奥公交枢纽,历城区委党校,发车时间,6:30,21:30,2元,济南公交刷卡、支付宝八折优惠,站点详情
K73路,历城区委党校,龙奥公交枢纽,发车时间,6:00,21:00,2元,济南公交刷卡、支付宝八折优惠,站点详情
K73路支,龙奥公交枢纽,捎近村,发车时间,17:10,18:00,2元,济南公交刷卡、支付宝八折优惠,站点详情
K73路支,捎近村,龙奥公交枢纽,发车时间,5:55,5:55,2元,济南公交刷卡、支付宝八折优惠,站点详情
K73支线2,龙奥公交枢纽,黄路泉村,发车时间,16:30,16:30,2元,济南公交刷卡、支付宝八折优惠,站点详情
K73支线2,黄路泉村,龙奥公交枢纽,发车时间,5:55,5:55,2元,济南公交刷卡、支付宝八折优惠,站点详情
K74路,省建筑机械厂,华联商厦,发车时间,5:50,21:00,2元,济南公交刷卡、支付宝八折优惠,站点详情
K74路,华联商厦,省建筑机械厂,发车时间,6:00,21:45,2元,济南公交刷卡、支付宝八折优惠,站点详情
K75路,华山珑城公交车场,新世界商城,发车时间,5:30,21:30,2元,济南公交刷卡、支付宝八折优惠,站点详情
K75路,新世界商城,华山珑城公交车场,发车时间,6:15,22:30,2元,济南公交刷卡、支付宝八折优惠,站点详情
B76路,舜耕路玉函小区北路,张庄路段兴西路,发车时间,6:00,21:00,2元,济南公交刷卡、支付宝八折优惠,站点详情
B76路,张庄路段兴西路,舜耕路玉函小区北路,发车时间,6:00,21:20,2元,济南公交刷卡、支付宝八折优惠,站点详情
K77路,方特东方神画,八里桥,发车时间,5:50,21:00,2元,济南公交刷卡、支付宝八折优惠,站点详情
K77路,八里桥,方特东方神画,发车时间,6:00,21:35,2元,济南公交刷卡、支付宝八折优惠,站点详情
K78路,朱庄,站前路南口,发车时间,5:20,21:00,2元,济南公交刷卡、支付宝八折优惠,站点详情
K78路,站前路南口,朱庄,发车时间,6:00,21:35,2元,济南公交刷卡、支付宝八折优惠,站点详情
B79路,盖家沟,环山小区,发车时间,6:00,22:00,2元,济南公交刷卡、支付宝八折优惠,站点详情
B79路,环山小区,盖家沟,发车时间,6:00,22:40,2元,济南公交刷卡、支付宝八折优惠,站点详情
K80路,公交祝甸车场,泉城广场,发车时间,6:00,21:30,2元,济南公交刷卡、支付宝八折优惠,站点详情
K80路,泉城广场,公交祝甸车场,发车时间,6:00,22:05,2元,济南公交刷卡、支付宝八折优惠,站点详情
K81路,陆军学院南门,经五纬一,发车时间,5:40,21:00,2元,济南公交刷卡、支付宝八折优惠,站点详情
K81路,经五纬一,陆军学院南门,发车时间,6:00,21:40,2元,济南公交刷卡、支付宝八折优惠,站点详情
K82路,黄岗,趵突泉东门,发车时间,5:55,21:00,2元,济南公交刷卡、支付宝八折优惠,站点详情
K82路,趵突泉东门,黄岗,发车时间,6:00,21:40,2元,济南公交刷卡、支付宝八折优惠,站点详情
K83路,地铁二环西路站,解放桥,发车时间,5:30,21:00,2元,济南公交刷卡、支付宝八折优惠,站点详情
K83路,解放桥,地铁二环西路站,发车时间,6:05,21:40,2元,济南公交刷卡、支付宝八折优惠,站点详情
B84路,赵家庄,济南站,发车时间,5:25,22:00,2元,济南公交刷卡、支付宝八折优惠,站点详情
B84路,济南站,赵家庄,发车时间,6:10,22:45,2元,济南公交刷卡、支付宝八折优惠,站点详情
K85路,金阁花园,千佛山南路千佛山西路,发车时间,5:50,21:00,2元,济南公交刷卡、支付宝八折优惠,站点详情
K85路,千佛山南路千佛山西路,金阁花园,发车时间,6:00,21:45,2元,济南公交刷卡、支付宝八折优惠,站点详情
K86路,济南大学,山东联合大学,发车时间,6:00,21:00,2元,济南公交刷卡、支付宝八折优惠,站点详情
K86路,山东联合大学,济南大学,发车时间,6:00,21:00,2元,济南公交刷卡、支付宝八折优惠,站点详情
K87路,公交驾校,解放桥东,发车时间,6:00,20:30,2元,济南公交刷卡、支付宝八折优惠,站点详情
K87路,解放桥东,公交驾校,发车时间,6:00,21:10,2元,济南公交刷卡、支付宝八折优惠,站点详情
K88路,仲宫,经八路青年西路,发车时间,5:45,20:00,2元,济南公交刷卡、支付宝八折优惠,站点详情
K88路,经八路青年西路,仲宫,发车时间,6:00,21:00,2元,济南公交刷卡、支付宝八折优惠,站点详情
游88路,大明湖火车站,柳埠驿站,法定节假日,8:30,9:30,5元,济南公交刷卡、支付宝八折优惠,站点详情
881路,仲宫,九顶塔,发车时间,7:30,18:00,1元,济南公交刷卡、支付宝八折优惠,站点详情
游88路,柳埠驿站 ,大明湖火车站,发车时间,14:00,15:00,5元,济南公交刷卡、支付宝八折优惠,站点详情
881路,九顶塔,仲宫,发车时间,7:00,18:00,1元,济南公交刷卡、支付宝八折优惠,站点详情
882路,核桃园,英雄山立交桥南,发车时间,6:00,16:40,2元,济南公交刷卡、支付宝八折优惠,站点详情
882路,英雄山立交桥南,核桃园,发车时间,7:20,18:00,2元,济南公交刷卡、支付宝八折优惠,站点详情
883路,青年桥,长峪,发车时间,7:20,17:30,3元,济南公交刷卡、支付宝八折优惠,站点详情
883路,长峪,青年桥,发车时间,6:00,15:40,3元,济南公交刷卡、支付宝八折优惠,站点详情
885路,青年桥,药乡国家森林公园,发车时间,8:30,17:05,3元,济南公交刷卡、支付宝八折优惠,站点详情
885路,药乡国家森林公园,青年桥,发车时间,5:50,13:50,3元,济南公交刷卡、支付宝八折优惠,站点详情
886路,青年桥,石庙岭,发车时间,9:30,17:00,3元,济南公交刷卡、支付宝八折优惠,站点详情
886路,石庙岭,青年桥,发车时间,6:00,13:40,3元,济南公交刷卡、支付宝八折优惠,站点详情
887路,仲宫,高家庄,发车时间,7:00,18:00,1元,济南公交刷卡、支付宝八折优惠,站点详情
887路,高家庄,仲宫,发车时间,5:40,16:40,1元,济南公交刷卡、支付宝八折优惠,站点详情
888路,仲宫,核桃园,发车时间,7:30,18:40,1元,济南公交刷卡、支付宝八折优惠,站点详情
888路,核桃园,仲宫,发车时间,6:00,17:50,1元,济南公交刷卡、支付宝八折优惠,站点详情
889路,青年桥,金刚纂,发车时间,17:05,17:05,3元,济南公交刷卡、支付宝八折优惠,站点详情
889路,金刚纂,青年桥,发车时间,5:40,5:40,3元,济南公交刷卡、支付宝八折优惠,站点详情
880路,仲宫,北井村,发车时间,5:45,18:00,1元,济南公交刷卡、支付宝八折优惠,站点详情
880路,北井村,仲宫,发车时间,6:20,18:45,1元,济南公交刷卡、支付宝八折优惠,站点详情
809路,仲宫,老庄村,发车时间,8:10,18:00,1元,济南公交刷卡、支付宝八折优惠,站点详情
809路,老庄村,仲宫,发车时间,6:00,16:30,1元,济南公交刷卡、支付宝八折优惠,站点详情
811路,仲宫,杨而,发车时间,6:50,18:00,1元,济南公交刷卡、支付宝八折优惠,站点详情
811路,杨而,仲宫,发车时间,6:20,17:30,1元,济南公交刷卡、支付宝八折优惠,站点详情
812路,仲宫,水帘峡,发车时间,7:40,17:40,2元,济南公交刷卡、支付宝八折优惠,站点详情
812路,水帘峡,仲宫,发车时间,6:00,16:30,2元,济南公交刷卡、支付宝八折优惠,站点详情
813路,仲宫,马家村,发车时间,7:00,18:30,1元,济南公交刷卡、支付宝八折优惠,站点详情
813路,马家村,仲宫,发车时间,6:00,17:00,1元,济南公交刷卡、支付宝八折优惠,站点详情
815路,仲宫,玉水村,发车时间,7:20,18:00,2元,济南公交刷卡、支付宝八折优惠,站点详情
815路,玉水村,仲宫,发车时间,6:00,16:30,2元,济南公交刷卡、支付宝八折优惠,站点详情
816路,仲宫,西老泉,发车时间,8:00,17:30,1元,济南公交刷卡、支付宝八折优惠,站点详情
816路,西老泉,仲宫,发车时间,6:00,16:30,1元,济南公交刷卡、支付宝八折优惠,站点详情
817路,仲宫,里石村,发车时间,7:10,17:10,1元,济南公交刷卡、支付宝八折优惠,站点详情
817路,里石村,仲宫,发车时间,6:00,16:00,1元,济南公交刷卡、支付宝八折优惠,站点详情
818路,仲宫,川道村,发车时间,11:40,17:00,2元,济南公交刷卡、支付宝八折优惠,站点详情
818路,川道村,仲宫,发车时间,6:00,12:40,2元,济南公交刷卡、支付宝八折优惠,站点详情
819路,仲宫,柴家村,发车时间,11:40,17:00,2元,济南公交刷卡、支付宝八折优惠,站点详情
819路,柴家村,仲宫,发车时间,6:00,12:40,2元,济南公交刷卡、支付宝八折优惠,站点详情
820路,仲宫,高而十八盘村,发车时间,11:40,17:20,2元,济南公交刷卡、支付宝八折优惠,站点详情
820路,高而十八盘村,仲宫,发车时间,7:00,12:40,2元,济南公交刷卡、支付宝八折优惠,站点详情
821路,门牙驿站,青杨峪村,发车时间,17:45,17:45,1元,济南公交刷卡、支付宝八折优惠,站点详情
821路,青杨峪村,门牙驿站,发车时间,6:00,6:00,1元,济南公交刷卡、支付宝八折优惠,站点详情
822路,门牙驿站,西山村,发车时间,7:00,16:00,1元,济南公交刷卡、支付宝八折优惠,站点详情
822路,西山村,门牙驿站,发车时间,7:45,16:45,1元,济南公交刷卡、支付宝八折优惠,站点详情
823路,天井峪村,仲宫,发车时间,5:50,5:50,1元,济南公交刷卡、支付宝八折优惠,站点详情
823路,仲宫,天井峪村,发车时间,17:50,17:50,1元,济南公交刷卡、支付宝八折优惠,站点详情
826路,仲宫,北坡村,发车时间,7:40,18:00,1元,济南公交刷卡、支付宝八折优惠,站点详情
826路,北坡村,仲宫,发车时间,6:00,16:00,1元,济南公交刷卡、支付宝八折优惠,站点详情
K89路,大桥街道办事处,全福立交桥北,发车时间,5:30,21:00,2元,济南公交刷卡、支付宝八折优惠,站点详情
K89路,全福立交桥北,大桥街道办事处,发车时间,5:55,21:25,2元,济南公交刷卡、支付宝八折优惠,站点详情
K90路,解放军第九六〇医院西院,解放军第九六〇医院,发车时间,5:55,20:30,2元,济南公交刷卡、支付宝八折优惠,站点详情
K90路,解放军第九六〇医院,解放军第九六〇医院西院,发车时间,6:00,20:30,2元,济南公交刷卡、支付宝八折优惠,站点详情
K91路,匡山小区,十里河,发车时间,5:30,22:00,2元,济南公交刷卡、支付宝八折优惠,站点详情
K91路,十里河,匡山小区,发车时间,6:00,22:30,2元,济南公交刷卡、支付宝八折优惠,站点详情
K92路,赵家庄 ,七贤庄,发车时间,6:00,21:00,2元,济南公交刷卡、支付宝八折优惠,站点详情
K92路,七贤庄,赵家庄,发车时间,6:00,21:00,2元,济南公交刷卡、支付宝八折优惠,站点详情
K93路,还乡店,玉函小区南区,发车时间,6:00,20:30,2元,济南公交刷卡、支付宝八折优惠,站点详情
K93路,玉函小区南区,还乡店,发车时间,6:00,20:30,2元,济南公交刷卡、支付宝八折优惠,站点详情
K94路,葛家庄,九曲,发车时间,6:30,21:00,2元,济南公交刷卡、支付宝八折优惠,站点详情
K94路,九曲,葛家庄,发车时间,6:15,21:00,2元,济南公交刷卡、支付宝八折优惠,站点详情
K95路,留学人员创业园,月星家居,发车时间,6:00,21:30,2元,济南公交刷卡、支付宝八折优惠,站点详情
K95路,月星家居,留学人员创业园,发车时间,6:00,21:30,2元,济南公交刷卡、支付宝八折优惠,站点详情
K96路,地铁二环西路站,荆山路二环东路,发车时间,5:30,22:00,2元,济南公交刷卡、支付宝八折优惠,站点详情
K96路,荆山路二环东路,地铁二环西路站,发车时间,6:30,22:30,2元,济南公交刷卡、支付宝八折优惠,站点详情
B97路,铁厂北路公交车场,地铁临空站,发车时间,6:30,20:30,2元,济南公交刷卡、支付宝八折优惠,站点详情
B97路,地铁临空站,铁厂北路公交车场,发车时间,5:30,19:30,2元,济南公交刷卡、支付宝八折优惠,站点详情
B98路,烟台路淄博路,洪家楼,发车时间,5:25,21:25,2元,济南公交刷卡、支付宝八折优惠,站点详情
B98路,洪家楼,烟台路张庄路,发车时间,6:00,22:00,2元,济南公交刷卡、支付宝八折优惠,站点详情
K99路,谢家屯,二环东路工业南路,发车时间,6:00,20:00,2元,济南公交刷卡、支付宝八折优惠,站点详情
K99路,二环东路工业南路,谢家屯,发车时间,6:40,20:00,2元,济南公交刷卡、支付宝八折优惠,站点详情
B100路,山东汽配城,舜世路俊雅路,发车时间,6:00,21:00,2元,济南公交刷卡、支付宝八折优惠,站点详情
B100路,舜世路俊雅路,山东汽配城,发车时间,6:30,21:30,2元,济南公交刷卡、支付宝八折优惠,站点详情
K101路,济南大学,甸柳庄,发车时间,0:00,23:59,2元,济南公交刷卡、支付宝八折优惠,站点详情
K101路,甸柳庄,济南大学,发车时间,0:00,23:59,2元,济南公交刷卡、支付宝八折优惠,站点详情
K102路,济南大学,葛家庄,发车时间,5:00,0:00,2元,济南公交刷卡、支付宝八折优惠,站点详情
K102路,葛家庄,济南大学,发车时间,5:00,0:00,2元,济南公交刷卡、支付宝八折优惠,站点详情
B103路,砚泉,大观园,发车时间,5:30,21:00,2元,济南公交刷卡、支付宝八折优惠,站点详情
B103路,大观园,砚泉,发车时间,6:00,21:35,2元,济南公交刷卡、支付宝八折优惠,站点详情
K104路,济南大学,趵突泉东门,临时停运,6:00,20:00,2元,济南公交刷卡、支付宝八折优惠,站点详情
K104路,趵突泉东门,济南大学,临时停运,6:35,20:35,2元,济南公交刷卡、支付宝八折优惠,站点详情
K105路,全福立交桥北,动物园,发车时间,6:00,20:00,2元,济南公交刷卡、支付宝八折优惠,站点详情
K105路,动物园,全福立交桥北,发车时间,6:30,20:30,2元,济南公交刷卡、支付宝八折优惠,站点详情
K106路,郭店立交桥西,花园路二环东路,发车时间,5:30,20:40,2元,济南公交刷卡、支付宝八折优惠,站点详情
K106路,花园路二环东路,郭店立交桥西,发车时间,6:20,21:30,2元,济南公交刷卡、支付宝八折优惠,站点详情
临时摆渡线,柿子园村,通达冷链物流园,发车时间,5:30,18:30,1元,济南公交刷卡、支付宝八折优惠,站点详情
临时摆渡线,通达冷链物流园,柿子园村,发车时间,6:00,19:00,1元,济南公交刷卡、支付宝八折优惠,站点详情
K107路,山东汽配城,山东技师学院,发车时间,6:00,21:00,2元,济南公交刷卡、支付宝八折优惠,站点详情
K107路,山东技师学院,山东汽配城,发车时间,6:00,21:00,2元,济南公交刷卡、支付宝八折优惠,站点详情
K108路,盖家沟,工人新村北村,发车时间,6:00,20:30,2元,济南公交刷卡、支付宝八折优惠,站点详情
K108路,工人新村北村,盖家沟,发车时间,6:25,20:55,2元,济南公交刷卡、支付宝八折优惠,站点详情
K109路,济南西站公交枢纽,大明湖,发车时间,6:00,0:00,2元,济南公交刷卡、支付宝八折优惠,站点详情
K109路,大明湖,济南西站公交枢纽,发车时间,6:30,0:00,2元,济南公交刷卡、支付宝八折优惠,站点详情
K110路,阳光舜城重华苑,七里河路华能路,发车时间,5:30,21:00,2元,济南公交刷卡、支付宝八折优惠,站点详情
K110路,七里河路华能路,阳光舜城重华苑,发车时间,6:00,21:30,2元,济南公交刷卡、支付宝八折优惠,站点详情
K111路,盖家沟配货中心,成丰桥,临时停运,6:00,21:00,2元,济南公交刷卡、支付宝八折优惠,站点详情
K111路,成丰桥,盖家沟配货中心,临时停运,6:35,21:35,2元,济南公交刷卡、支付宝八折优惠,站点详情
B112路,动物园,开元山庄,发车时间,6:00,21:00,2元,济南公交刷卡、支付宝八折优惠,站点详情
B112路,开元山庄,动物园,发车时间,6:00,21:40,2元,济南公交刷卡、支付宝八折优惠,站点详情
K113路,公交祝甸车场,泺文路文化西路,发车时间,6:00,21:00,2元,济南公交刷卡、支付宝八折优惠,站点详情
K113路,泺文路文化西路,公交祝甸车场,发车时间,6:40,21:40,2元,济南公交刷卡、支付宝八折优惠,站点详情
K114路,大魏西,动物园,发车时间,6:00,21:00,2元,济南公交刷卡、支付宝八折优惠,站点详情
K114路,动物园,大魏西,发车时间,6:00,21:00,2元,济南公交刷卡、支付宝八折优惠,站点详情
K115路,唐冶公交枢纽,经八路青年西路,发车时间,5:15,22:00,2元,济南公交刷卡、支付宝八折优惠,站点详情
K115路,经八路青年西路,唐冶公交枢纽,发车时间,6:00,22:00,2元,济南公交刷卡、支付宝八折优惠,站点详情
K116路,解放桥北,章灵西,发车时间,6:00,21:00,2元,济南公交刷卡、支付宝八折优惠,站点详情
K116路,章灵西,解放桥北,发车时间,5:50,21:00,2元,济南公交刷卡、支付宝八折优惠,站点详情
K117路,腊山立交桥,二环东路文化东路,发车时间,5:25,21:00,2元,济南公交刷卡、支付宝八折优惠,站点详情
K117路,二环东路文化东路,腊山立交桥,发车时间,6:10,21:40,2元,济南公交刷卡、支付宝八折优惠,站点详情
K118路,公交祝甸车场,经十路营市街,发车时间,5:30,0:00,2元,济南公交刷卡、支付宝八折优惠,站点详情
K118路,经十路营市街,公交祝甸车场,发车时间,6:00,0:05,2元,济南公交刷卡、支付宝八折优惠,站点详情
K119路,解放桥北,舜华路天辰路,发车时间,6:00,21:00,2元,济南公交刷卡、支付宝八折优惠,站点详情
K119路,舜华路天辰路,解放桥北,发车时间,6:30,21:45,2元,济南公交刷卡、支付宝八折优惠,站点详情
B120路,中海御峰官邸,西苑小区,发车时间,5:30,21:00,2元,济南公交刷卡、支付宝八折优惠,站点详情
B120路,西苑小区,中海御峰官邸,发车时间,6:00,21:30,2元,济南公交刷卡、支付宝八折优惠,站点详情
K121路,西八公交车场,侯家村委会,发车时间,7:30,18:00,2元,济南公交刷卡、支付宝八折优惠,站点详情
K121路,侯家村委会,西八公交车场,发车时间,6:30,17:15,2元,济南公交刷卡、支付宝八折优惠,站点详情
K122路,大明湖火车站,凤凰路工业南路,发车时间,6:00,21:00,2元,济南公交刷卡、支付宝八折优惠,站点详情
K122路,凤凰路工业南路,大明湖火车站,发车时间,6:00,22:00,2元,济南公交刷卡、支付宝八折优惠,站点详情
K123路,公交驾校,泺文路泺源大街,发车时间,6:00,21:30,2元,济南公交刷卡、支付宝八折优惠,站点详情
K123路,泺文路泺源大街,公交驾校,发车时间,6:00,21:30,2元,济南公交刷卡、支付宝八折优惠,站点详情
K124路,白马山铁路新村,经十路营市街,发车时间,6:00,20:40,2元,济南公交刷卡、支付宝八折优惠,站点详情
K124路,经十路营市街,白马山铁路新村,发车时间,6:20,21:00,2元,济南公交刷卡、支付宝八折优惠,站点详情
K125路,白马山公交车场,成丰桥,发车时间,6:00,21:00,2元,济南公交刷卡、支付宝八折优惠,站点详情
K125路,成丰桥,白马山公交车场,发车时间,6:35,21:35,2元,济南公交刷卡、支付宝八折优惠,站点详情
K126路,常旗屯,经十路营市街,发车时间,6:00,19:00,2元,济南公交刷卡、支付宝八折优惠,站点详情
K126路,经十路营市街,常旗屯,发车时间,6:45,19:45,2元,济南公交刷卡、支付宝八折优惠,站点详情
K127路,大魏西,纬二路经七路,发车时间,5:55,21:00,2元,济南公交刷卡、支付宝八折优惠,站点详情
K127路,纬二路经七路,大魏西,发车时间,6:40,21:50,2元,济南公交刷卡、支付宝八折优惠,站点详情
K128路,刘长山路公交车场,泉城广场,发车时间,6:00,21:00,2元,济南公交刷卡、支付宝八折优惠,站点详情
K128路,泉城广场,刘长山路公交车场,发车时间,6:40,21:40,2元,济南公交刷卡、支付宝八折优惠,站点详情
K129路,华润公元九里,省立医院,发车时间,5:40,20:30,2元,济南公交刷卡、支付宝八折优惠,站点详情
K129路,省立医院,华润公元九里,发车时间,6:30,21:25,2元,济南公交刷卡、支付宝八折优惠,站点详情
K130路,大桥街道办事处,动物园,发车时间,5:30,20:00,2元,济南公交刷卡、支付宝八折优惠,站点详情
K130路,动物园,大桥街道办事处,发车时间,6:20,20:45,2元,济南公交刷卡、支付宝八折优惠,站点详情
K131路,瀚裕华园,二环东路文化东路,发车时间,6:00,21:30,2元,济南公交刷卡、支付宝八折优惠,站点详情
K131路,二环东路文化东路,瀚裕华园,发车时间,6:00,21:30,2元,济南公交刷卡、支付宝八折优惠,站点详情
K132路,郑店村,华联商厦,发车时间,5:40,20:35,2元,济南公交刷卡、支付宝八折优惠,站点详情
K132路,华联商厦,郑店村,发车时间,6:25,21:15,2元,济南公交刷卡、支付宝八折优惠,站点详情
K133路,杨柳春风公交车场,纬十二路经七路,发车时间,5:55,20:00,2元,济南公交刷卡、支付宝八折优惠,站点详情
K133路,纬十二路经七路,杨柳春风公交车场,发车时间,6:40,20:40,2元,济南公交刷卡、支付宝八折优惠,站点详情
K134路,公交营运中心,省消防训练支队,发车时间,6:30,20:00,2元,济南公交刷卡、支付宝八折优惠,站点详情
K134路,省消防训练支队,公交营运中心,发车时间,7:00,20:30,2元,济南公交刷卡、支付宝八折优惠,站点详情
K135路,桑梓店公交车场,大桥街道办事处,发车时间,6:30,19:00,2元,济南公交刷卡、支付宝八折优惠,站点详情
K135路,大桥街道办事处,桑梓店公交车场,发车时间,6:30,19:00,2元,济南公交刷卡、支付宝八折优惠,站点详情
K137路,西八公交车场,七里河,发车时间,5:50,21:00,2元,济南公交刷卡、支付宝八折优惠,站点详情
K137路,七里河,西八公交车场,发车时间,6:20,21:40,2元,济南公交刷卡、支付宝八折优惠,站点详情
K138路,铁厂北路公交车场,鑫达小区,发车时间,5:30,21:30,2元,济南公交刷卡、支付宝八折优惠,站点详情
K138路,鑫达小区,铁厂北路公交车场,发车时间,6:05,22:05,2元,济南公交刷卡、支付宝八折优惠,站点详情
K139路,鼎秀家园,卧龙花园,发车时间,6:00,22:00,2元,济南公交刷卡、支付宝八折优惠,站点详情
K139路,卧龙花园,鼎秀家园,发车时间,6:00,22:00,2元,济南公交刷卡、支付宝八折优惠,站点详情
K140路,大魏西,成丰桥,发车时间,6:00,20:00,2元,济南公交刷卡、支付宝八折优惠,站点详情
K140路,成丰桥,大魏西,发车时间,6:35,20:35,2元,济南公交刷卡、支付宝八折优惠,站点详情
K141路,峰山路经十西路,济南西站,发车时间,5:00,20:00,2元,济南公交刷卡、支付宝八折优惠,站点详情
K141路,济南西站,峰山路经十西路,发车时间,6:30,21:30,2元,济南公交刷卡、支付宝八折优惠,站点详情
K142路,西八公交车场,石崮新村,发车时间,6:30,19:00,2元,济南公交刷卡、支付宝八折优惠,站点详情
K142路,石崮新村,西八公交车场,发车时间,5:45,18:00,2元,济南公交刷卡、支付宝八折优惠,站点详情
K142支,西八公交车场,吴家,发车时间,6:30,15:30,2元,济南公交刷卡、支付宝八折优惠,站点详情
K142支,吴家,西八公交车场,发车时间,7:20,19:00,2元,济南公交刷卡、支付宝八折优惠,站点详情
K143路,桑梓店公交车场,动物园,发车时间,6:00,20:00,2元,济南公交刷卡、支付宝八折优惠,站点详情
K143路,动物园,桑梓店公交车场,发车时间,6:30,20:30,2元,济南公交刷卡、支付宝八折优惠,站点详情
K145路,黄金山水郡公交车场,瀚裕华园,发车时间,6:30,21:00,2元,济南公交刷卡、支付宝八折优惠,站点详情
K145路,瀚裕华园,黄金山水郡公交车场,发车时间,6:00,21:00,2元,济南公交刷卡、支付宝八折优惠,站点详情
K146路,龙奥公交枢纽,鲍山花园北区,发车时间,6:30,21:00,2元,济南公交刷卡、支付宝八折优惠,站点详情
K146路,鲍山花园北区,龙奥公交枢纽,发车时间,6:30,21:10,2元,济南公交刷卡、支付宝八折优惠,站点详情
K149路,方特东方神画,制革街,发车时间,5:55,20:00,2元,济南公交刷卡、支付宝八折优惠,站点详情
K149路,制革街,方特东方神画,发车时间,6:40,20:50,2元,济南公交刷卡、支付宝八折优惠,站点详情
B150路,二环东路和平路,牛旺庄小区,发车时间,6:00,21:30,2元,济南公交刷卡、支付宝八折优惠,站点详情
B150路,牛旺庄小区,二环东路和平路,发车时间,6:30,21:30,2元,济南公交刷卡、支付宝八折优惠,站点详情
K151路,全运媒体村,榜棚街,发车时间,6:00,21:30,2元,济南公交刷卡、支付宝八折优惠,站点详情
K151路,榜棚街,全运媒体村,发车时间,6:30,21:30,2元,济南公交刷卡、支付宝八折优惠,站点详情
K152路,舜耕路土屋路,福地街,发车时间,5:50,20:30,2元,济南公交刷卡、支付宝八折优惠,站点详情
K152路,福地街,舜耕路土屋路,发车时间,6:30,21:15,2元,济南公交刷卡、支付宝八折优惠,站点详情
K153路,重汽卡车公司,济南大学,发车时间,6:30,19:30,2元,济南公交刷卡、支付宝八折优惠,站点详情
K153路,济南大学,重汽南路公交车场,发车时间,7:00,20:00,2元,济南公交刷卡、支付宝八折优惠,站点详情
K153支,蛮子村,济南大学,发车时间,6:20,18:20,2元,济南公交刷卡、支付宝八折优惠,站点详情
K153支,济南大学,蛮子村,发车时间,6:45,18:50,2元,济南公交刷卡、支付宝八折优惠,站点详情
K155路,东八里洼,济南大学,发车时间,5:40,21:00,2元,济南公交刷卡、支付宝八折优惠,站点详情
K155路,济南大学,东八里洼,发车时间,6:00,21:20,2元,济南公交刷卡、支付宝八折优惠,站点详情
K156路,济南西站公交枢纽,济南站,发车时间,5:30,0:00,2元,济南公交刷卡、支付宝八折优惠,站点详情
K156路,济南站,济南西站公交枢纽,发车时间,6:10,0:40,2元,济南公交刷卡、支付宝八折优惠,站点详情
K157路,东八里洼,济南西站公交枢纽,发车时间,5:20,23:00,2元,济南公交刷卡、支付宝八折优惠,站点详情
K157路,济南西站公交枢纽,东八里洼,发车时间,6:00,0:00,2元,济南公交刷卡、支付宝八折优惠,站点详情
K158路,唐冶公交枢纽,蟠龙山森林公园,发车时间,6:30,20:00,2元,济南公交刷卡、支付宝八折优惠,站点详情
K158路,蟠龙山森林公园,唐冶公交枢纽,发车时间,6:30,20:00,2元,济南公交刷卡、支付宝八折优惠,站点详情
K159路,重汽南路公交车场,宅科村,发车时间,6:00,19:00,2元,济南公交刷卡、支付宝八折优惠,站点详情
K159路,宅科村,重汽卡车公司,发车时间,6:20,19:30,2元,济南公交刷卡、支付宝八折优惠,站点详情
K160路,刘智远村北,燕山立交桥北,发车时间,6:00,21:30,2元,济南公交刷卡、支付宝八折优惠,站点详情
K160路,燕山立交桥北,公交新泺大街东口车场 ,发车时间,6:00,21:30,2元,济南公交刷卡、支付宝八折优惠,站点详情
K161路,建大新校区,浆水泉路荆山东路,发车时间,6:00,21:20,2元,济南公交刷卡、支付宝八折优惠,站点详情
K161路,浆水泉路荆山东路,建大新校区,发车时间,6:30,21:55,2元,济南公交刷卡、支付宝八折优惠,站点详情
K162路,孙村新区,崇华路新泺大街,发车时间,6:00,20:30,2元,济南公交刷卡、支付宝八折优惠,站点详情
K162路,崇华路新泺大街,孙村新区,发车时间,6:00,20:30,2元,济南公交刷卡、支付宝八折优惠,站点详情
K163路,唐冶公交枢纽,花园路二环东路,发车时间,5:30,21:00,2元,济南公交刷卡、支付宝八折优惠,站点详情
K163路,花园路二环东路,唐冶公交枢纽,发车时间,6:30,22:00,2元,济南公交刷卡、支付宝八折优惠,站点详情
B164路,领秀城东区公交车场,经十路营市街,发车时间,5:40,20:40,2元,济南公交刷卡、支付宝八折优惠,站点详情
B164路,经十路营市街,领秀城东区公交车场,发车时间,6:05,21:25,2元,济南公交刷卡、支付宝八折优惠,站点详情
B165路,还乡店,新世界商城,发车时间,6:00,20:30,2元,济南公交刷卡、支付宝八折优惠,站点详情
B165路,新世界商城,还乡店,发车时间,6:30,21:20,2元,济南公交刷卡、支付宝八折优惠,站点详情
K166路,龙奥公交枢纽,徐家庄,发车时间,6:30,20:30,2元,济南公交刷卡、支付宝八折优惠,站点详情
K166路,徐家庄,龙奥公交枢纽,发车时间,6:30,21:00,2元,济南公交刷卡、支付宝八折优惠,站点详情
K167路,方特东方神画,官扎营新街堤口路,发车时间,5:40,21:00,2元,济南公交刷卡、支付宝八折优惠,站点详情
K167路,官扎营新街堤口路,方特东方神画,发车时间,6:40,22:00,2元,济南公交刷卡、支付宝八折优惠,站点详情
K168路,公交祝甸车场,金汇瀚玉城,发车时间,5:50,21:00,2元,济南公交刷卡、支付宝八折优惠,站点详情
K168路,金汇瀚玉城,公交祝甸车场,发车时间,6:30,21:40,2元,济南公交刷卡、支付宝八折优惠,站点详情
K169路,公交驾校,舜耕国际会展中心,发车时间,6:00,21:00,2元,济南公交刷卡、支付宝八折优惠,站点详情
K169路,舜耕国际会展中心,公交驾校,发车时间,6:00,21:00,2元,济南公交刷卡、支付宝八折优惠,站点详情
K170路,领秀城西门,大明湖,发车时间,5:50,21:20,2元,济南公交刷卡、支付宝八折优惠,站点详情
K170路,大明湖,领秀城西门,发车时间,6:40,22:10,2元,济南公交刷卡、支付宝八折优惠,站点详情
K171路,青年桥,雅居园小区,发车时间,6:00,21:00,2元,济南公交刷卡、支付宝八折优惠,站点详情
K171路,雅居园小区,青年桥,发车时间,6:00,21:00,2元,济南公交刷卡、支付宝八折优惠,站点详情
K172路,腊山立交桥,山东特殊教育职业学院,发车时间,6:00,20:00,2元,济南公交刷卡、支付宝八折优惠,站点详情
K172路,山东特殊教育职业学院,腊山立交桥,发车时间,5:45,20:45,2元,济南公交刷卡、支付宝八折优惠,站点详情
K173路,东营村,全福立交桥北,发车时间,5:30,18:00,2元,济南公交刷卡、支付宝八折优惠,站点详情
K173路,全福立交桥北,东营村,发车时间,6:20,19:10,2元,济南公交刷卡、支付宝八折优惠,站点详情
K175路,陡沟,邵西,临时停运,6:40,19:10,2元,济南公交刷卡、支付宝八折优惠,站点详情
K175路,邵西,陡沟,临时停运,7:30,19:30,2元,济南公交刷卡、支付宝八折优惠,站点详情
K176路,唐冶公交枢纽,济南国际鲜花港,发车时间,6:30,19:00,2元,济南公交刷卡、支付宝八折优惠,站点详情
K176路,济南国际鲜花港,唐冶公交枢纽,发车时间,6:00,19:00,2元,济南公交刷卡、支付宝八折优惠,站点详情
K177路,大桥街道办事处,丁屯村,发车时间,7:30,18:30,2元,济南公交刷卡、支付宝八折优惠,站点详情
K177路,丁屯村,大桥街道办事处,发车时间,6:30,17:00,2元,济南公交刷卡、支付宝八折优惠,站点详情
K178路,大桥街道办事处,刘光照村,发车时间,7:30,18:30,2元,济南公交刷卡、支付宝八折优惠,站点详情
K178路,刘光照村,大桥街道办事处,发车时间,6:30,17:00,2元,济南公交刷卡、支付宝八折优惠,站点详情
K179路,高王村,大魏西,发车时间,6:30,16:40,2元,济南公交刷卡、支付宝八折优惠,站点详情
K179路,大魏西,高王村,发车时间,7:30,17:50,2元,济南公交刷卡、支付宝八折优惠,站点详情
K180路,郭店立交桥西,周家村,发车时间,8:00,18:45,2元,济南公交刷卡、支付宝八折优惠,站点详情
K180路,周家村,郭店立交桥西,发车时间,6:00,17:30,2元,济南公交刷卡、支付宝八折优惠,站点详情
K181路,唐冶公交枢纽,王家鹊山,发车时间,8:00,18:00,2元,济南公交刷卡、支付宝八折优惠,站点详情
K181路,王家鹊山,唐冶公交枢纽,发车时间,6:00,16:00,2元,济南公交刷卡、支付宝八折优惠,站点详情
K182路,唐冶公交枢纽,西丝峪村,发车时间,8:00,18:00,2元,济南公交刷卡、支付宝八折优惠,站点详情
K182路,西丝峪村,唐冶公交枢纽,发车时间,6:00,16:00,2元,济南公交刷卡、支付宝八折优惠,站点详情
K183路,唐冶公交枢纽,康井孟村,发车时间,8:00,18:00,2元,济南公交刷卡、支付宝八折优惠,站点详情
K183路,康井孟村,唐冶公交枢纽,发车时间,5:40,16:10,2元,济南公交刷卡、支付宝八折优惠,站点详情
K184路,大涧沟北,天桥南,发车时间,6:00,19:00,2元,济南公交刷卡、支付宝八折优惠,站点详情
K184路,天桥南,大涧沟北,发车时间,6:40,19:50,2元,济南公交刷卡、支付宝八折优惠,站点详情
K185路,公交驾校,鸡山坡村,发车时间,6:40,19:30,2元,济南公交刷卡、支付宝八折优惠,站点详情
K185路,鸡山坡村,公交驾校,发车时间,5:50,18:30,2元,济南公交刷卡、支付宝八折优惠,站点详情
K187路,济南东站公交东枢纽,燕山立交桥东,发车时间,6:00,0:10,2元,济南公交刷卡、支付宝八折优惠,站点详情
K187路,燕山立交桥东,济南东站公交东枢纽,发车时间,5:20,22:15,2元,济南公交刷卡、支付宝八折优惠,站点详情
K188路,济南东站公交东枢纽,唐冶公交枢纽,发车时间,6:00,0:10,2元,济南公交刷卡、支付宝八折优惠,站点详情
K188路,唐冶公交枢纽,济南东站公交东枢纽,发车时间,5:00,22:00,2元,济南公交刷卡、支付宝八折优惠,站点详情
K189路,济南东站公交东枢纽,凤凰路博学路,发车时间,6:00,0:10,2元,济南公交刷卡、支付宝八折优惠,站点详情
K189路,凤凰路博学路,济南东站公交东枢纽,发车时间,5:40,22:00,2元,济南公交刷卡、支付宝八折优惠,站点详情
B190路,省立医院东院区,省立医院,发车时间,6:00,20:00,2元,济南公交刷卡、支付宝八折优惠,站点详情
B190路,省立医院,省立医院东院区,发车时间,6:00,20:00,2元,济南公交刷卡、支付宝八折优惠,站点详情
K191路,匡山小区,省肿瘤医院,发车时间,6:00,20:00,2元,济南公交刷卡、支付宝八折优惠,站点详情
K191路,省肿瘤医院,匡山小区,发车时间,6:00,20:30,2元,济南公交刷卡、支付宝八折优惠,站点详情
K192路,大魏西,济南西站公交枢纽,发车时间,6:00,21:00,2元,济南公交刷卡、支付宝八折优惠,站点详情
K192路,济南西站,大魏西,发车时间,6:40,21:40,2元,济南公交刷卡、支付宝八折优惠,站点详情
K202路,济南西站公交枢纽,刘智远村北,发车时间,5:30,0:00,2元,济南公交刷卡、支付宝八折优惠,站点详情
K202路,刘智远村北,济南西站公交枢纽,发车时间,6:00,0:00,2元,济南公交刷卡、支付宝八折优惠,站点详情
K207路,公交营运中心,济西湿地公园,发车时间,6:00,18:30,2元,济南公交刷卡、支付宝八折优惠,站点详情
K207路,济西湿地公园,公交营运中心,发车时间,7:00,19:30,2元,济南公交刷卡、支付宝八折优惠,站点详情
K215路,齐州路聊城路,腊山立交桥,发车时间,6:00,21:00,2元,济南公交刷卡、支付宝八折优惠,站点详情
K215路,腊山立交桥,齐州路聊城路,发车时间,6:30,21:30,2元,济南公交刷卡、支付宝八折优惠,站点详情
K216路,青岛路公交车场,纬十二路经七路,发车时间,6:00,20:00,2元,济南公交刷卡、支付宝八折优惠,站点详情
K216路,纬十二路经七路,青岛路公交车场,发车时间,6:50,20:50,2元,济南公交刷卡、支付宝八折优惠,站点详情
K217路,公交营运中心,山东联合大学,发车时间,6:30,20:30,2元,济南公交刷卡、支付宝八折优惠,站点详情
K217路,山东联合大学,公交营运中心,发车时间,7:00,21:00,2元,济南公交刷卡、支付宝八折优惠,站点详情
B218路,孟家,北全福,发车时间,5:20,21:00,2元,济南公交刷卡、支付宝八折优惠,站点详情
B218路,北全福,孟家,发车时间,6:00,21:40,2元,济南公交刷卡、支付宝八折优惠,站点详情
K219路,西八公交车场,大石崮森林公园,发车时间,6:30,19:00,2元,济南公交刷卡、支付宝八折优惠,站点详情
K219路,大石崮森林公园,西八公交车场,发车时间,5:45,18:00,2元,济南公交刷卡、支付宝八折优惠,站点详情
K220路,唐冶公交枢纽,济南药谷产业园,发车时间,6:00,20:00,2元,济南公交刷卡、支付宝八折优惠,站点详情
K220路,济南药谷产业园,唐冶公交枢纽,发车时间,6:50,20:50,2元,济南公交刷卡、支付宝八折优惠,站点详情
K221路,济莱高铁历城站,邦德激光,发车时间,6:00,20:00,2元,济南公交刷卡、支付宝八折优惠,站点详情
K221路,邦德激光,济莱高铁历城站,发车时间,6:20,20:40,2元,济南公交刷卡、支付宝八折优惠,站点详情
K223路,起步区市民中心,龙奥大厦北门,发车时间,7:00,19:00,2元,济南公交刷卡、支付宝八折优惠,站点详情
K223路,龙奥大厦北门,起步区市民中心,发车时间,7:00,19:00,2元,济南公交刷卡、支付宝八折优惠,站点详情
K224路,华昱大厦,华昱大厦,发车时间,7:00,19:00,2元,济南公交刷卡、支付宝八折优惠,站点详情
K225路,华昱大厦,华昱大厦,发车时间,7:00,19:00,2元,济南公交刷卡、支付宝八折优惠,站点详情
K226路,郭店立交桥西,鸡山村,发车时间,6:00,19:30,2元,济南公交刷卡、支付宝八折优惠,站点详情
K226路,鸡山村,郭店立交桥西,发车时间,7:10,20:40,2元,济南公交刷卡、支付宝八折优惠,站点详情
K228路,西八公交车场,济南西站公交枢纽,发车时间,6:00,22:40,2元,济南公交刷卡、支付宝八折优惠,站点详情
K228路,济南西站公交枢纽,西八公交车场,发车时间,6:00,22:40,2元,济南公交刷卡、支付宝八折优惠,站点详情
K229路,虞麓花园,郭家,发车时间,6:00,20:30,2元,济南公交刷卡、支付宝八折优惠,站点详情
K229路,郭家,虞麓花园,发车时间,6:45,21:15,2元,济南公交刷卡、支付宝八折优惠,站点详情
K230路,济南公交维保基地,北胡,发车时间,5:50,21:30,2元,济南公交刷卡、支付宝八折优惠,站点详情
K230路,北胡,济南公交维保基地,发车时间,6:20,22:30,2元,济南公交刷卡、支付宝八折优惠,站点详情
K232路,地铁彭家庄站,黄金谷小区,发车时间,6:30,23:15,2元,济南公交刷卡、支付宝八折优惠,站点详情
K232路,黄金谷小区,地铁彭家庄站,发车时间,5:40,22:00,2元,济南公交刷卡、支付宝八折优惠,站点详情
B235路,郭店立交桥西,凤鸣路旅游路,发车时间,5:30,21:30,2元,济南公交刷卡、支付宝八折优惠,站点详情
B235路,凤鸣路旅游路,郭店立交桥西,发车时间,6:00,22:10,2元,济南公交刷卡、支付宝八折优惠,站点详情
B236路,郭店立交桥西,中心医院东院西门,发车时间,5:40,21:00,2元,济南公交刷卡、支付宝八折优惠,站点详情
B236路,中心医院东院西门,郭店立交桥西,发车时间,6:20,21:35,2元,济南公交刷卡、支付宝八折优惠,站点详情
B237路,姚家庄,徐家庄,发车时间,6:00,21:00,2元,济南公交刷卡、支付宝八折优惠,站点详情
B237路,徐家庄,姚家庄,发车时间,6:00,21:35,2元,济南公交刷卡、支付宝八折优惠,站点详情
K238路,济莱高铁历城站,地铁龙奥大厦站,发车时间,6:00,21:45,2元,济南公交刷卡、支付宝八折优惠,站点详情
K238路,地铁龙奥大厦站,济莱高铁历城站,发车时间,6:00,21:45,2元,济南公交刷卡、支付宝八折优惠,站点详情
K260路,桑梓店公交车场,动物园,发车时间,6:00,20:00,2元,济南公交刷卡、支付宝八折优惠,站点详情
K260路,动物园,桑梓店公交车场,发车时间,6:30,20:30,2元,济南公交刷卡、支付宝八折优惠,站点详情
K263路,济南黄河国际会展中心,济南东站公交西枢纽,发车时间,6:00,19:00,2元,济南公交刷卡、支付宝八折优惠,站点详情
K263路,济南东站公交西枢纽,济南黄河国际会展中心,发车时间,7:00,20:00,2元,济南公交刷卡、支付宝八折优惠,站点详情
K265路,地铁彭家庄站,历城区委党校,发车时间,6:00,23:15,2元,济南公交刷卡、支付宝八折优惠,站点详情
K265路,历城区委党校,地铁彭家庄站,发车时间,6:30,22:20,2元,济南公交刷卡、支付宝八折优惠,站点详情
271路,济郑高铁长清站,山东艺术学院,发车时间,6:10,22:00,2元,济南公交刷卡、支付宝八折优惠,站点详情
271路,山东艺术学院,济郑高铁长清站,发车时间,5:40,22:30,2元,济南公交刷卡、支付宝八折优惠,站点详情
272路,公交营运中心,崮山新区,发车时间,6:00,21:00,2元,济南公交刷卡、支付宝八折优惠,站点详情
272路,崮山新区,公交营运中心,发车时间,6:30,21:30,2元,济南公交刷卡、支付宝八折优惠,站点详情
K273路,济莱高铁历城站,地铁丁家庄站,发车时间,6:00,21:00,2元,济南公交刷卡、支付宝八折优惠,站点详情
K273路,地铁丁家庄站,济莱高铁历城站,发车时间,6:45,21:45,2元,济南公交刷卡、支付宝八折优惠,站点详情
K275路,郭店立交桥西,经十路凤凰路,发车时间,6:00,21:00,2元,济南公交刷卡、支付宝八折优惠,站点详情
K275路,北胡,郭店立交桥西,发车时间,6:45,21:45,2元,济南公交刷卡、支付宝八折优惠,站点详情
K278路,鼎秀家园,刘智远小区,发车时间,6:00,21:00,2元,济南公交刷卡、支付宝八折优惠,站点详情
K278路,刘智远小区,鼎秀家园,发车时间,6:40,21:40,2元,济南公交刷卡、支付宝八折优惠,站点详情
K279路,鹊华大道卧东路,高新区政务中心,发车时间,6:00,21:00,2元,济南公交刷卡、支付宝八折优惠,站点详情
K279路,高新区政务中心,鹊华大道卧东路,发车时间,6:45,21:45,2元,济南公交刷卡、支付宝八折优惠,站点详情
K280路,通达冷链物流园,地铁鲍山站,发车时间,6:00,20:00,2元,济南公交刷卡、支付宝八折优惠,站点详情
K280路,地铁鲍山站,通达冷链物流园,发车时间,6:40,20:40,2元,济南公交刷卡、支付宝八折优惠,站点详情
K281路,孙村新区,地铁彭家庄站,发车时间,6:00,21:00,2元,济南公交刷卡、支付宝八折优惠,站点详情
K281路,地铁彭家庄站,孙村新区,发车时间,6:40,21:40,2元,济南公交刷卡、支付宝八折优惠,站点详情
K282路,唐王卫生院,文苑街唐冶中路,发车时间,6:00,18:30,2元,济南公交刷卡、支付宝八折优惠,站点详情
K282路,文苑街唐冶中路,唐王卫生院,发车时间,6:45,19:15,2元,济南公交刷卡、支付宝八折优惠,站点详情
K283路,大明湖火车站,鹊华大道小清河北路,发车时间,6:25,20:30,2元,济南公交刷卡、支付宝八折优惠,站点详情
K283路,鹊华大道小清河北路,大明湖火车站,发车时间,6:35,20:30,2元,济南公交刷卡、支付宝八折优惠,站点详情
K285路,港西路虞山北路,龙奥公交枢纽,发车时间,6:00,21:00,2元,济南公交刷卡、支付宝八折优惠,站点详情
K285路,龙奥公交枢纽,港西路虞山北路,发车时间,6:00,21:00,2元,济南公交刷卡、支付宝八折优惠,站点详情
300路,莱蒙湖,齐鲁软件园,发车时间,6:00,20:00,3元,济南公交刷卡、支付宝八折优惠,站点详情
300路,齐鲁软件园,莱蒙湖,发车时间,7:00,21:00,3元,济南公交刷卡、支付宝八折优惠,站点详情
K301路,公交营运中心,章丘,发车时间,6:00,19:00,2-8元,无折扣,站点详情
K301路,章丘,公交营运中心,发车时间,6:00,19:00,2-8元,无折扣,站点详情
K302路,公交营运中心,泺口汽车站,发车时间,6:00,17:30,2-3元,无折扣,站点详情
K302路,泺口汽车站,公交营运中心,发车时间,6:20,19:00,2-3元,无折扣,站点详情
303路,燕山立交桥东,玉河泉,发车时间,6:36,18:36,3元,济南公交刷卡、支付宝八折优惠,站点详情
303路,玉河泉,燕山立交桥东,发车时间,5:18,17:28,3元,济南公交刷卡、支付宝八折优惠,站点详情
303支,燕山立交桥东,玉龙,发车时间,7:16,17:16,3元,济南公交刷卡、支付宝八折优惠,站点详情
303支,玉龙,燕山立交桥东,发车时间,5:51,9:11,3元,济南公交刷卡、支付宝八折优惠,站点详情
303支2,虎门西,断岧村,发车时间,6:30,15:30,1元,济南公交刷卡、支付宝八折优惠,站点详情
303支2,断岧村,虎门西,发车时间,7:00,16:00,1元,济南公交刷卡、支付宝八折优惠,站点详情
305路,燕山立交桥东,南泉,发车时间,7:36,19:30,3元,济南公交刷卡、支付宝八折优惠,站点详情
305路,南泉,燕山立交桥东,发车时间,6:01,17:21,3元,济南公交刷卡、支付宝八折优惠,站点详情
306路,舜泰北路凤凰路,济南职业学院,发车时间,6:00,21:00,2元,济南公交刷卡、支付宝八折优惠,站点详情
306路,济南职业学院,舜泰北路凤凰路,发车时间,5:40,21:00,2元,济南公交刷卡、支付宝八折优惠,站点详情
B307路,铁厂北路公交车场,韩西,发车时间,6:50,19:50,2元,济南公交刷卡、支付宝八折优惠,站点详情
B307路,韩西,铁厂北路公交车场,发车时间,6:00,18:00,2元,济南公交刷卡、支付宝八折优惠,站点详情
308路,孙村新区,花园路二环东路,发车时间,5:40,19:00,3元,济南公交刷卡、支付宝八折优惠,站点详情
308路,花园路二环东路,孙村新区,发车时间,6:30,20:10,3元,济南公交刷卡、支付宝八折优惠,站点详情
B309路,郭店立交桥西,新航大道机场北路,发车时间,7:00,20:30,2元,济南公交刷卡、支付宝八折优惠,站点详情
B309路,新航大道机场北路,郭店立交桥西,发车时间,5:30,19:00,2元,济南公交刷卡、支付宝八折优惠,站点详情
310路,孟家,秦家道口,发车时间,7:00,18:30,2元,济南公交刷卡、支付宝八折优惠,站点详情
310路,秦家道口,孟家,发车时间,5:30,17:10,2元,济南公交刷卡、支付宝八折优惠,站点详情
311路,洪家楼,鸡山村,发车时间,6:40,18:40,3元,济南公交刷卡、支付宝八折优惠,站点详情
311路,鸡山村,洪家楼,发车时间,5:40,17:40,3元,济南公交刷卡、支付宝八折优惠,站点详情
312路,九如山,燕山立交桥北,发车时间,5:30,18:00,3元,济南公交刷卡、支付宝八折优惠,站点详情
312路,燕山立交桥北,九如山,发车时间,6:00,19:00,3元,济南公交刷卡、支付宝八折优惠,站点详情
313路,相公吉祥苑,全福立交桥,发车时间,6:20,18:00,1元,济南公交刷卡、支付宝八折优惠,站点详情
313路,全福立交桥,相公吉祥苑,发车时间,7:30,19:10,1元,济南公交刷卡、支付宝八折优惠,站点详情
315路,山东协和学院遥墙校区,全福立交桥,发车时间,5:30,17:40,2元,济南公交刷卡、支付宝八折优惠,站点详情
315路,全福立交桥,山东协和学院遥墙校区,发车时间,6:45,19:10,2元,济南公交刷卡、支付宝八折优惠,站点详情
B316路,郭店立交桥西,娄家,发车时间,7:10,19:50,2元,济南公交刷卡、支付宝八折优惠,站点详情
B316路,娄家,郭店立交桥西,发车时间,5:30,17:30,2元,济南公交刷卡、支付宝八折优惠,站点详情
317路,建大新校区,建大和平校区,发车时间,6:40,21:30,2元,济南公交刷卡、支付宝八折优惠,站点详情
317路,建大和平校区,建大新校区,发车时间,6:30,20:00,2元,济南公交刷卡、支付宝八折优惠,站点详情
318路,老僧口,洪家楼,发车时间,5:15,17:45,3元,济南公交刷卡、支付宝八折优惠,站点详情
318路,洪家楼,老僧口,发车时间,6:45,19:30,3元,济南公交刷卡、支付宝八折优惠,站点详情
318支,洪家楼,三株唐王度假村,发车时间,8:30,18:30,3元,济南公交刷卡、支付宝八折优惠,站点详情
318支,三株唐王度假村,洪家楼,发车时间,6:10,14:00,3元,济南公交刷卡、支付宝八折优惠,站点详情
321路,孙村新区,花园路二环东路,发车时间,5:40,17:30,3元,济南公交刷卡、支付宝八折优惠,站点详情
321路,花园路二环东路,孙村新区,发车时间,6:30,18:30,3元,济南公交刷卡、支付宝八折优惠,站点详情
322路,柿子园村,洪家楼,临时停运,5:30,17:00,3元,济南公交刷卡、支付宝八折优惠,站点详情
322路,洪家楼,柿子园村,临时停运,7:00,19:00,3元,济南公交刷卡、支付宝八折优惠,站点详情
323路,燕山立交桥东,黑龙峪,发车时间,7:35,16:55,3元,济南公交刷卡、支付宝八折优惠,站点详情
323路,黑龙峪,燕山立交桥东,发车时间,6:00,15:40,3元,济南公交刷卡、支付宝八折优惠,站点详情
325路,燕山立交桥东,上降甘,发车时间,9:05,17:05,3元,济南公交刷卡、支付宝八折优惠,站点详情
325路,上降甘,燕山立交桥东,发车时间,6:00,15:00,3元,济南公交刷卡、支付宝八折优惠,站点详情
326路,西营,燕山立交桥北,发车时间,5:30,17:40,3元,济南公交刷卡、支付宝八折优惠,站点详情
326路,燕山立交桥北,西营,发车时间,7:00,19:15,3元,济南公交刷卡、支付宝八折优惠,站点详情
326支,燕山立交桥北,桃科村委会,发车时间,7:00,18:00,3元,济南公交刷卡、支付宝八折优惠,站点详情
326支,桃科村委会,燕山立交桥北,发车时间,6:00,16:30,3元,济南公交刷卡、支付宝八折优惠,站点详情
B327路,郭店立交桥西,井家,发车时间,8:30,18:35,2元,济南公交刷卡、支付宝八折优惠,站点详情
B327路,井家,郭店立交桥西,发车时间,6:30,16:10,2元,济南公交刷卡、支付宝八折优惠,站点详情
B328路,郭店立交桥西,柴家,发车时间,8:00,18:30,2元,济南公交刷卡、支付宝八折优惠,站点详情
B328路,柴家,郭店立交桥西,发车时间,6:00,16:00,2元,济南公交刷卡、支付宝八折优惠,站点详情
329路,西营交管所,九如山,发车时间,5:30,18:30,1元,济南公交刷卡、支付宝八折优惠,站点详情
329路,九如山,西营交管所,发车时间,6:00,19:00,1元,济南公交刷卡、支付宝八折优惠,站点详情
330路,西营交管所,拔槊泉,发车时间,5:45,19:30,1元,济南公交刷卡、支付宝八折优惠,站点详情
330路,拔槊泉,西营交管所,发车时间,6:00,19:45,1元,济南公交刷卡、支付宝八折优惠,站点详情
331路,西营交管所,上藕池村,发车时间,5:30,19:30,1元,济南公交刷卡、支付宝八折优惠,站点详情
331路,上藕池村,西营交管所,发车时间,6:00,19:45,1元,济南公交刷卡、支付宝八折优惠,站点详情
332路,西营交管所,上降甘,发车时间,6:00,18:00,1元,济南公交刷卡、支付宝八折优惠,站点详情
332路,上降甘,西营交管所,发车时间,5:30,18:30,1元,济南公交刷卡、支付宝八折优惠,站点详情
333路,西营交管所,罗伽水库,发车时间,5:50,18:15,1元,济南公交刷卡、支付宝八折优惠,站点详情
333路,罗伽水库,西营交管所,发车时间,6:10,18:40,1元,济南公交刷卡、支付宝八折优惠,站点详情
334路,西营交管所,十八盘村,发车时间,5:30,18:30,1元,济南公交刷卡、支付宝八折优惠,站点详情
334路,十八盘村,西营交管所,发车时间,6:00,19:00,1元,济南公交刷卡、支付宝八折优惠,站点详情
335路,西营交管所,道沟村,发车时间,5:30,18:00,1元,济南公交刷卡、支付宝八折优惠,站点详情
335路,道沟村,西营交管所,发车时间,6:00,18:30,1元,济南公交刷卡、支付宝八折优惠,站点详情
336路,西营交管所,林枝村,发车时间,6:30,17:10,1元,济南公交刷卡、支付宝八折优惠,站点详情
336路,林枝村,西营交管所,发车时间,7:05,18:00,1元,济南公交刷卡、支付宝八折优惠,站点详情
337路,西营交管所,石门沟村,发车时间,6:30,17:00,1元,济南公交刷卡、支付宝八折优惠,站点详情
337路,石门沟村,西营交管所,发车时间,7:00,17:30,1元,济南公交刷卡、支付宝八折优惠,站点详情
338路,西营交管所,秦口峪村,发车时间,5:45,18:15,1元,济南公交刷卡、支付宝八折优惠,站点详情
338路,秦口峪村,西营交管所,发车时间,6:00,18:30,1元,济南公交刷卡、支付宝八折优惠,站点详情
339路,西营交管所,老峪村委会,发车时间,6:30,17:00,1元,济南公交刷卡、支付宝八折优惠,站点详情
339路,老峪村委会,西营交管所,发车时间,7:00,17:30,1元,济南公交刷卡、支付宝八折优惠,站点详情
340路,西营交管所,王家庄村,发车时间,6:40,16:30,1元,济南公交刷卡、支付宝八折优惠,站点详情
340路,王家庄村,西营交管所,发车时间,7:00,16:50,1元,济南公交刷卡、支付宝八折优惠,站点详情
501路,大坝公交车场,天桥街,发车时间,6:00,20:00,1元,济南公交刷卡、支付宝八折优惠,站点详情
501路,天桥街,大坝公交车场,发车时间,6:30,20:30,1元,济南公交刷卡、支付宝八折优惠,站点详情
502路,文庄东路文庄北路,二环南路玉兴路,发车时间,6:00,21:00,1元,济南公交刷卡、支付宝八折优惠,站点详情
502路,二环南路玉兴路,文庄东路文庄北路,发车时间,6:00,21:00,1元,济南公交刷卡、支付宝八折优惠,站点详情
503路,白马山公交车场,阳光新路北口,发车时间,6:30,19:30,1元,济南公交刷卡、支付宝八折优惠,站点详情
503路,阳光新路北口,白马山公交车场,发车时间,7:00,20:00,1元,济南公交刷卡、支付宝八折优惠,站点详情
504路,葛家庄公交车场,山水庭院小区,发车时间,6:15,20:00,1元,济南公交刷卡、支付宝八折优惠,站点详情
504路,山水庭院小区,葛家庄公交车场,发车时间,6:35,20:20,1元,济南公交刷卡、支付宝八折优惠,站点详情
505路,重汽彩世界,潍坊路安澜北路,发车时间,6:00,20:30,1元,济南公交刷卡、支付宝八折优惠,站点详情
505路,潍坊路安澜北路,重汽彩世界,发车时间,6:30,21:00,1元,济南公交刷卡、支付宝八折优惠,站点详情
506路,领秀城东区公交车场,玉函小区南区,发车时间,6:00,20:35,1元,济南公交刷卡、支付宝八折优惠,站点详情
506路,玉函小区南区,领秀城东区公交车场,发车时间,6:25,21:00,1元,济南公交刷卡、支付宝八折优惠,站点详情
508路,北大槐树街西口,大观园,发车时间,6:30,19:30,1元,济南公交刷卡、支付宝八折优惠,站点详情
508路,大观园,北大槐树街西口,发车时间,6:50,20:00,1元,济南公交刷卡、支付宝八折优惠,站点详情
509路,西八公交车场,中海御峰官邸,发车时间,6:00,20:30,1元,济南公交刷卡、支付宝八折优惠,站点详情
509路,中海御峰官邸,西八公交车场,发车时间,6:00,20:30,1元,济南公交刷卡、支付宝八折优惠,站点详情
510路,黄金山水郡公交车场,葛家庄公交车场,发车时间,6:00,20:30,1元,济南公交刷卡、支付宝八折优惠,站点详情
510路,葛家庄公交车场,黄金山水郡公交车场,发车时间,6:30,21:00,1元,济南公交刷卡、支付宝八折优惠,站点详情
511路,二环北路公交车场,长途汽车站,发车时间,6:00,20:30,1元,济南公交刷卡、支付宝八折优惠,站点详情
511路,长途汽车站,二环北路公交车场,发车时间,6:30,21:00,1元,济南公交刷卡、支付宝八折优惠,站点详情
512路,西八公交车场,华润仰山东,发车时间,6:00,20:30,1元,济南公交刷卡、支付宝八折优惠,站点详情
512路,华润仰山东,西八公交车场,发车时间,6:30,21:00,1元,济南公交刷卡、支付宝八折优惠,站点详情
513路,省建筑机械厂,腊山立交桥,发车时间,5:30,20:45,1元,济南公交刷卡、支付宝八折优惠,站点详情
513路,腊山立交桥,省建筑机械厂,发车时间,5:40,21:15,1元,济南公交刷卡、支付宝八折优惠,站点详情
515路,省立医院东院区,龙腾路龙驰路,发车时间,5:45,21:30,1元,济南公交刷卡、支付宝八折优惠,站点详情
515路,龙腾路龙驰路,燕山新居南门,发车时间,6:10,22:00,1元,济南公交刷卡、支付宝八折优惠,站点详情
516路,唐冶公交枢纽,地铁彭家庄站,发车时间,5:30,22:45,1元,济南公交刷卡、支付宝八折优惠,站点详情
516路,地铁彭家庄站,唐冶公交枢纽,发车时间,6:00,23:15,1元,济南公交刷卡、支付宝八折优惠,站点详情
517路,唐冶公交枢纽,地铁彭家庄站,发车时间,5:30,22:45,1元,济南公交刷卡、支付宝八折优惠,站点详情
517路,地铁彭家庄站,唐冶公交枢纽,发车时间,6:00,23:15,1元,济南公交刷卡、支付宝八折优惠,站点详情
518路,瀚裕华园,龙泽路北口,发车时间,6:00,21:00,1元,济南公交刷卡、支付宝八折优惠,站点详情
518路,龙泽路北口,瀚裕华园,发车时间,6:00,21:30,1元,济南公交刷卡、支付宝八折优惠,站点详情
519路,省立医院东院区,港沟,发车时间,6:00,21:00,1元,济南公交刷卡、支付宝八折优惠,站点详情
519路,港沟,燕山新居南门,发车时间,6:00,21:00,1元,济南公交刷卡、支付宝八折优惠,站点详情
522路,铁厂北路公交车场,景阳路望华南街,发车时间,6:00,20:00,1元,济南公交刷卡、支付宝八折优惠,站点详情
522路,景阳路望华南街,铁厂北路公交车场,发车时间,6:30,20:30,1元,济南公交刷卡、支付宝八折优惠,站点详情
523路,腊山立交桥,清源路齐州路,发车时间,5:40,20:30,1元,济南公交刷卡、支付宝八折优惠,站点详情
523路,清源路齐州路,腊山立交桥,发车时间,6:10,21:00,1元,济南公交刷卡、支付宝八折优惠,站点详情
526路,青年桥,舜玉路,发车时间,6:30,19:30,1元,济南公交刷卡、支付宝八折优惠,站点详情
526路,舜玉路,青年桥,发车时间,6:50,20:00,1元,济南公交刷卡、支付宝八折优惠,站点详情
527路,舜耕路玉函小区北路,华润紫云府,发车时间,6:00,21:00,1元,济南公交刷卡、支付宝八折优惠,站点详情
527路,华润紫云府,舜耕路玉函小区北路,发车时间,6:00,21:30,1元,济南公交刷卡、支付宝八折优惠,站点详情
529路,济南东站公交东枢纽,郭家,发车时间,5:45,21:30,1元,济南公交刷卡、支付宝八折优惠,站点详情
529路,郭家,济南东站公交东枢纽,发车时间,6:20,22:05,1元,济南公交刷卡、支付宝八折优惠,站点详情
530路,全运媒体村,太平庄村,发车时间,7:15,17:45,1元,济南公交刷卡、支付宝八折优惠,站点详情
530路,太平庄村,全运媒体村,发车时间,7:30,18:00,1元,济南公交刷卡、支付宝八折优惠,站点详情
531路,地铁大学城站,山东师范大学西门,临时停运,16:00,22:00,1元,济南公交刷卡、支付宝八折优惠,站点详情
531路,山东师范大学西门,地铁大学城站,临时停运,16:20,21:30,1元,济南公交刷卡、支付宝八折优惠,站点详情
532路,赵家庄,北园大街生产路,发车时间,6:30,20:00,1元,济南公交刷卡、支付宝八折优惠,站点详情
532路,北园大街生产路,赵家庄,发车时间,6:55,20:25,1元,济南公交刷卡、支付宝八折优惠,站点详情
533路,白马山公交车场,英雄山文化市场,发车时间,6:30,21:00,1元,济南公交刷卡、支付宝八折优惠,站点详情
533路,英雄山文化市场,白马山公交车场,发车时间,7:00,21:25,1元,济南公交刷卡、支付宝八折优惠,站点详情
536路,石门,华能路华信路,发车时间,6:00,20:00,1元,济南公交刷卡、支付宝八折优惠,站点详情
536路,华能路华信路,石门,发车时间,6:35,20:35,1元,济南公交刷卡、支付宝八折优惠,站点详情
537路,黄金山水郡公交车场,地铁丁家庄站,发车时间,6:00,20:30,1元,济南公交刷卡、支付宝八折优惠,站点详情
537路,地铁丁家庄站,黄金山水郡公交车场,发车时间,6:30,21:00,1元,济南公交刷卡、支付宝八折优惠,站点详情
539路,鼎秀家园,渤海银行,发车时间,6:00,21:40,1元,济南公交刷卡、支付宝八折优惠,站点详情
539路,渤海银行,鼎秀家园,发车时间,6:30,22:10,1元,济南公交刷卡、支付宝八折优惠,站点详情
541路,解放桥北,花园路洪家楼西路,发车时间,6:30,19:30,1元,济南公交刷卡、支付宝八折优惠,站点详情
541路,花园路洪家楼西路,解放桥北,发车时间,7:00,20:00,1元,济南公交刷卡、支付宝八折优惠,站点详情
542路,中央商务区公交车场,徐家庄北,发车时间,6:00,20:00,1元,济南公交刷卡、支付宝八折优惠,站点详情
542路,徐家庄北,中央商务区公交车场,发车时间,6:00,20:00,1元,济南公交刷卡、支付宝八折优惠,站点详情
550路,公交祝甸车场,舜华路天辰路,发车时间,6:00,21:00,1元,济南公交刷卡、支付宝八折优惠,站点详情
550路,舜华路天辰路,公交祝甸车场,发车时间,6:30,21:30,1元,济南公交刷卡、支付宝八折优惠,站点详情
552路,省立医院东院区,汉峪西路,发车时间,5:55,22:30,1元,济南公交刷卡、支付宝八折优惠,站点详情
552路,汉峪西路,省立医院东院区,发车时间,6:00,22:50,1元,济南公交刷卡、支付宝八折优惠,站点详情
555路,舜耕山庄停车场,舜耕山庄停车场,临时停运,9:00,16:00,1元,济南公交刷卡、支付宝八折优惠,站点详情
561路,搬倒井鑫苑,兴隆街道办事处,发车时间,6:30,20:00,1元,济南公交刷卡、支付宝八折优惠,站点详情
561路,兴隆街道办事处,搬倒井鑫苑,发车时间,6:40,20:10,1元,济南公交刷卡、支付宝八折优惠,站点详情
563路,汉峪西路,中心医院东院西门,发车时间,6:30,20:00,1元,济南公交刷卡、支付宝八折优惠,站点详情
563路,中心医院东院西门,汉峪西路,发车时间,6:55,20:25,1元,济南公交刷卡、支付宝八折优惠,站点详情
566路,地铁彭家庄站,李家东路北段,发车时间,5:30,21:00,1元,济南公交刷卡、支付宝八折优惠,站点详情
566路,李家东路北段,地铁彭家庄站,发车时间,6:00,21:30,1元,济南公交刷卡、支付宝八折优惠,站点详情
567路,坤顺路奥体中路,工业南路彤霞路,发车时间,6:00,21:00,1元,济南公交刷卡、支付宝八折优惠,站点详情
567路,工业南路彤霞路,坤顺路奥体中路,发车时间,6:15,21:15,1元,济南公交刷卡、支付宝八折优惠,站点详情
568路,八里桥公交加油站,天桥南,发车时间,6:30,20:30,1元,济南公交刷卡、支付宝八折优惠,站点详情
568路,天桥南,八里桥公交加油站,发车时间,6:50,20:50,1元,济南公交刷卡、支付宝八折优惠,站点详情
570路,公交祝甸车场,工业南路舜华路,发车时间,6:00,20:30,1元,济南公交刷卡、支付宝八折优惠,站点详情
570路,工业南路舜华路,公交祝甸车场,发车时间,6:25,20:55,1元,济南公交刷卡、支付宝八折优惠,站点详情
571路,王官庄小区东区,英雄山文化市场,发车时间,6:30,20:30,1元,济南公交刷卡、支付宝八折优惠,站点详情
571路,英雄山文化市场,王官庄小区东区,发车时间,6:50,20:50,1元,济南公交刷卡、支付宝八折优惠,站点详情
572路,中海御峰官邸,邵而东村村委会,发车时间,6:30,20:00,1元,济南公交刷卡、支付宝八折优惠,站点详情
572路,邵而东村村委会,中海御峰官邸,发车时间,6:00,19:30,1元,济南公交刷卡、支付宝八折优惠,站点详情
573路,洪家楼,南全福小区,发车时间,6:30,20:30,1元,济南公交刷卡、支付宝八折优惠,站点详情
573路,南全福小区,洪家楼,发车时间,6:45,20:45,1元,济南公交刷卡、支付宝八折优惠,站点详情
575路,邹庄新村,八里桥,发车时间,6:00,20:00,1元,济南公交刷卡、支付宝八折优惠,站点详情
575路,八里桥,邹庄新村,发车时间,6:35,20:35,1元,济南公交刷卡、支付宝八折优惠,站点详情
576路,大桥街道办事处,鹊华九里居,发车时间,6:00,19:40,1元,济南公交刷卡、支付宝八折优惠,站点详情
576路,鹊华九里居,大桥街道办事处,发车时间,6:20,20:00,1元,济南公交刷卡、支付宝八折优惠,站点详情
577路,大明湖西南门,青龙桥,发车时间,6:30,21:00,1元,济南公交刷卡、支付宝八折优惠,站点详情
577路,青龙桥,大明湖西南门,发车时间,6:50,21:20,1元,济南公交刷卡、支付宝八折优惠,站点详情
578路,鹊华大道卧东路,北全福,发车时间,6:00,20:30,1元,济南公交刷卡、支付宝八折优惠,站点详情
578路,北全福,鹊华大道卧东路,发车时间,6:30,21:00,1元,济南公交刷卡、支付宝八折优惠,站点详情
580路,唐冶公交枢纽,神武新村,发车时间,6:30,20:00,1元,济南公交刷卡、支付宝八折优惠,站点详情
580路,神武新村,唐冶公交枢纽,发车时间,6:45,20:15,1元,济南公交刷卡、支付宝八折优惠,站点详情
581路,郭店立交桥西,山东建筑大学,发车时间,6:00,21:00,1元,济南公交刷卡、支付宝八折优惠,站点详情
581路,山东建筑大学,郭店立交桥西,发车时间,6:30,21:30,1元,济南公交刷卡、支付宝八折优惠,站点详情
582路,鲍山花园北区,山东建筑大学,发车时间,6:00,21:00,1元,济南公交刷卡、支付宝八折优惠,站点详情
582路,山东建筑大学,鲍山花园北区,发车时间,6:25,21:25,1元,济南公交刷卡、支付宝八折优惠,站点详情
583路,小岭雅苑,舜耕路兴济河,发车时间,6:30,20:00,1元,济南公交刷卡、支付宝八折优惠,站点详情
583路,舜耕路兴济河,小岭雅苑,发车时间,6:50,20:20,1元,济南公交刷卡、支付宝八折优惠,站点详情
585路,文贤居, 济南大学,发车时间,6:30,19:30,1元,济南公交刷卡、支付宝八折优惠,站点详情
585路,济南大学,文贤居,发车时间,6:50,20:00,1元,济南公交刷卡、支付宝八折优惠,站点详情
游770路,济南西站公交枢纽,市立一院,法定节假日,9:30,17:30,20,无折扣,站点详情
游770路,市立一院,济南西站公交枢纽,法定节假日,10:30,18:30,20,无折扣,站点详情
游777路,趵突泉东门,趵突泉东门,发车时间,10:00,17:00,29.9元,无折扣,站点详情
778路,华阳宫,华阳宫,临时停运,9:00,16:00,2元,济南公交刷卡、支付宝八折优惠,站点详情
BRT1,全福立交桥西,济南西站公交枢纽,发车时间,5:10,22:50,2元,济南公交刷卡、支付宝八折优惠,站点详情
BRT1,济南西站公交枢纽,全福立交桥西,发车时间,5:10,0:00,2元,济南公交刷卡、支付宝八折优惠,站点详情
BRT2,北关北路,燕山立交桥北,发车时间,5:30,21:30,2元,济南公交刷卡、支付宝八折优惠,站点详情
BRT2,燕山立交桥北,北关北路,发车时间,5:30,21:30,2元,济南公交刷卡、支付宝八折优惠,站点详情
BRT3,全福立交桥西,黄岗路,发车时间,5:30,21:30,2元,济南公交刷卡、支付宝八折优惠,站点详情
BRT3,黄岗路,全福立交桥西,发车时间,5:30,21:30,2元,济南公交刷卡、支付宝八折优惠,站点详情
BRT4,鹊华大道卧东路,山东技师学院,发车时间,5:10,22:30,2元,济南公交刷卡、支付宝八折优惠,站点详情
BRT4,山东技师学院,鹊华大道卧东路,发车时间,5:30,22:30,2元,济南公交刷卡、支付宝八折优惠,站点详情
BRT5,全运媒体村,济南站,发车时间,6:00,22:00,2元,济南公交刷卡、支付宝八折优惠,站点详情
BRT5,济南站,全运媒体村,发车时间,6:00,22:30,2元,济南公交刷卡、支付宝八折优惠,站点详情
BRT6,北全福,省立医院东院区,发车时间,6:00,21:00,2元,济南公交刷卡、支付宝八折优惠,站点详情
BRT6,省立医院东院区,北全福,发车时间,6:00,21:05,2元,济南公交刷卡、支付宝八折优惠,站点详情
BRT7,邹庄新村,济南大学,发车时间,6:00,21:00,2元,济南公交刷卡、支付宝八折优惠,站点详情
BRT7,济南大学,邹庄新村,发车时间,6:00,21:00,2元,济南公交刷卡、支付宝八折优惠,站点详情
BRT8,解放桥北,郭店立交桥西,发车时间,5:30,21:30,2元,济南公交刷卡、支付宝八折优惠,站点详情
BRT8,郭店立交桥西,解放桥北,发车时间,5:30,21:30,2元,济南公交刷卡、支付宝八折优惠,站点详情
BRT9,燕山立交桥北,大涧沟北,发车时间,6:00,21:30,2元,济南公交刷卡、支付宝八折优惠,站点详情
BRT9,大涧沟北,燕山立交桥北,发车时间,5:50,21:30,2元,济南公交刷卡、支付宝八折优惠,站点详情
BRT10,黄岗路,凤凰山立交桥,发车时间,6:00,21:00,2元,济南公交刷卡、支付宝八折优惠,站点详情
BRT10,凤凰山立交桥,黄岗路,发车时间,6:00,21:00,2元,济南公交刷卡、支付宝八折优惠,站点详情
BRT11,济南东站公交西枢纽,全福立交桥,发车时间,6:00,0:00,2元,济南公交刷卡、支付宝八折优惠,站点详情
BRT11,全福立交桥,济南东站公交西枢纽,发车时间,5:00,23:00,2元,济南公交刷卡、支付宝八折优惠,站点详情
BRT12,全运媒体村,济南东站公交西枢纽,发车时间,5:20,23:00,2元,济南公交刷卡、支付宝八折优惠,站点详情
BRT12,济南东站公交西枢纽,全运媒体村,发车时间,5:45,0:00,2元,济南公交刷卡、支付宝八折优惠,站点详情
BRT13,青岛路公交车场,黄岗路,发车时间,6:30,20:00,2元,济南公交刷卡、支付宝八折优惠,站点详情
BRT13,黄岗路,青岛路公交车场,发车时间,6:30,20:00,2元,济南公交刷卡、支付宝八折优惠,站点详情
T1路,西八公交车场,舜华南路辰祥路,工作日,6:20,16:40,2元,济南公交刷卡、支付宝八折优惠,站点详情
T1路,舜华南路辰祥路,西八公交车场,工作日,7:20,17:40,2元,济南公交刷卡、支付宝八折优惠,站点详情
T2路,鲁能领秀公馆,解放桥,工作日,6:25,17:35,2元,济南公交刷卡、支付宝八折优惠,站点详情
T2路,解放桥,鲁能领秀公馆,工作日,7:25,18:30,2元,济南公交刷卡、支付宝八折优惠,站点详情
T3路,腊山立交桥,龙奥公交枢纽,工作日,5:20,18:00,2元,济南公交刷卡、支付宝八折优惠,站点详情
T3路,龙奥公交枢纽,腊山立交桥,工作日,6:20,19:30,2元,济南公交刷卡、支付宝八折优惠,站点详情
T5路,领秀城西门,颖秀路舜风路,工作日,6:30,17:20,2元,济南公交刷卡、支付宝八折优惠,站点详情
T5路,颖秀路舜风路,领秀城西门,工作日,7:30,18:30,2元,济南公交刷卡、支付宝八折优惠,站点详情
T6路,省立医院东院区,西八公交车场,工作日,6:20,17:40,2元,济南公交刷卡、支付宝八折优惠,站点详情
T6路,西八公交车场,省立医院东院区,工作日,6:30,17:50,2元,济南公交刷卡、支付宝八折优惠,站点详情
T7路,瀚裕华园,洪家楼,工作日,6:30,18:20,2元,济南公交刷卡、支付宝八折优惠,站点详情
T7路,洪家楼,瀚裕华园,工作日,6:30,18:20,2元,济南公交刷卡、支付宝八折优惠,站点详情
T9路,全福立交桥,齐鲁软件园,工作日,6:55,17:20,2元,济南公交刷卡、支付宝八折优惠,站点详情
T9路,齐鲁软件园,全福立交桥,工作日,7:40,18:15,2元,济南公交刷卡、支付宝八折优惠,站点详情
T10路,全运媒体村,鲍山花园北区,工作日,7:40,18:10,2元,济南公交刷卡、支付宝八折优惠,站点详情
T10路,鲍山花园北区,全运媒体村,工作日,6:45,17:10,2元,济南公交刷卡、支付宝八折优惠,站点详情
T11路,东宇花园,中心医院,工作日,6:30,17:10,2元,济南公交刷卡、支付宝八折优惠,站点详情
T11路,中心医院,东宇花园,工作日,7:30,18:10,2元,济南公交刷卡、支付宝八折优惠,站点详情
T12路,王府庄,解放路山大路,工作日,6:15,17:00,2元,济南公交刷卡、支付宝八折优惠,站点详情
T12路,解放路山大路,王府庄,工作日,7:25,18:20,2元,济南公交刷卡、支付宝八折优惠,站点详情
T15路,汇诚小学,动物园,工作日,6:10,16:50,2元,济南公交刷卡、支付宝八折优惠,站点详情
T15路,动物园,汇诚小学,工作日,7:20,18:05,2元,济南公交刷卡、支付宝八折优惠,站点详情
T16路,盖家沟,齐鲁软件园,工作日,6:20,17:30,2元,济南公交刷卡、支付宝八折优惠,站点详情
T16路,齐鲁软件园,盖家沟,工作日,7:20,18:30,2元,济南公交刷卡、支付宝八折优惠,站点详情
T17路,唐冶公交枢纽,舜华路天辰路,工作日,7:10,17:20,2元,济南公交刷卡、支付宝八折优惠,站点详情
T17路,舜华路天辰路,唐冶公交枢纽,工作日,8:20,18:20,2元,济南公交刷卡、支付宝八折优惠,站点详情
T19路,公交集团,凤凰北路陈家路,工作日,6:15,18:00,2元,济南公交刷卡、支付宝八折优惠,站点详情
T19路,凤凰北路陈家路,公交集团,工作日,6:50,18:35,2元,济南公交刷卡、支付宝八折优惠,站点详情
T20路,领秀城西门,牛旺庄,工作日,6:15,17:30,2元,济南公交刷卡、支付宝八折优惠,站点详情
T20路,牛旺庄,领秀城西门,工作日,7:00,18:40,2元,济南公交刷卡、支付宝八折优惠,站点详情
T21路,孟家,动物园,工作日,6:10,17:00,2元,济南公交刷卡、支付宝八折优惠,站点详情
T21路,动物园,孟家,工作日,7:20,18:15,2元,济南公交刷卡、支付宝八折优惠,站点详情
T22路,瀚裕华园,徐家庄北,工作日,7:00,18:45,2元,济南公交刷卡、支付宝八折优惠,站点详情
T22路,徐家庄北,瀚裕华园,工作日,7:00,18:45,2元,济南公交刷卡、支付宝八折优惠,站点详情
T24路,腊山立交桥,袁庄村,工作日,6:10,18:30,2元,济南公交刷卡、支付宝八折优惠,站点详情
T24路,袁庄村,腊山立交桥,工作日,6:40,19:00,2元,济南公交刷卡、支付宝八折优惠,站点详情
T26路,全福立交桥南,北胡南,工作日,6:50,17:35,2元,济南公交刷卡、支付宝八折优惠,站点详情
T26路,北胡南,全福立交桥南,工作日,7:45,18:30,2元,济南公交刷卡、支付宝八折优惠,站点详情
T28路,杆石桥,山东省廉政教育馆,发车时间,7:00,17:10,2元,济南公交刷卡、支付宝八折优惠,站点详情
T28路,山东省廉政教育馆,杆石桥,发车时间,8:00,18:10,2元,济南公交刷卡、支付宝八折优惠,站点详情
T29路,陆军学院南门,经十路北小辛庄西街,工作日,6:50,17:10,2元,济南公交刷卡、支付宝八折优惠,站点详情
T29路,经十路北小辛庄西街,陆军学院南门,工作日,7:30,17:55,2元,济南公交刷卡、支付宝八折优惠,站点详情
T31路,孙村新区,舜华路天辰路,工作日,6:30,18:30,2元,济南公交刷卡、支付宝八折优惠,站点详情
T31路,舜华路天辰路,孙村新区,工作日,7:15,18:20,2元,济南公交刷卡、支付宝八折优惠,站点详情
K267路,华山珑城公交车场,齐鲁软件园,发车时间,6:00,20:00,2元,济南公交刷卡、支付宝八折优惠,站点详情
K267路,齐鲁软件园,华山珑城公交车场,发车时间,6:50,21:00,2元,济南公交刷卡、支付宝八折优惠,站点详情
T34路,地铁彭家庄站,春博路科远路,工作日,7:25,17:05,2元,济南公交刷卡、支付宝八折优惠,站点详情
T34路,春博路科远路,地铁彭家庄站,工作日,8:10,17:50,2元,济南公交刷卡、支付宝八折优惠,站点详情
T35路,地铁彭家庄站,大正路科创路,工作日,7:20,17:20,2元,济南公交刷卡、支付宝八折优惠,站点详情
T35路,大正路科创路,地铁彭家庄站,工作日,8:05,18:05,2元,济南公交刷卡、支付宝八折优惠,站点详情
T38路,柿子园村,地铁彭家庄站,工作日,6:30,17:10,2元,济南公交刷卡、支付宝八折优惠,站点详情
T38路,地铁彭家庄站,柿子园村,工作日,7:20,18:00,2元,济南公交刷卡、支付宝八折优惠,站点详情
T88路,仲宫,经八路青年西路,工作日,5:45,16:30,2元,济南公交刷卡、支付宝八折优惠,站点详情
T88路,经八路青年西路,仲宫,工作日,6:30,17:30,2元,济南公交刷卡、支付宝八折优惠,站点详情
T115路,唐冶公交枢纽,经八路青年西路,工作日,6:00,17:45,2元,济南公交刷卡、支付宝八折优惠,站点详情
T115路,经八路青年西路,唐冶公交枢纽,工作日,6:50,18:00,2元,济南公交刷卡、支付宝八折优惠,站点详情
T201路,公交祝甸车场,济南大学,工作日,6:40,18:30,2元,济南公交刷卡、支付宝八折优惠,站点详情
T201路,济南大学,公交祝甸车场,工作日,6:30,18:30,2元,济南公交刷卡、支付宝八折优惠,站点详情
T202路,济南西站公交枢纽,舜华东路,工作日,6:10,17:30,2元,济南公交刷卡、支付宝八折优惠,站点详情
T202路,舜华东路,济南西站公交枢纽,工作日,7:20,18:30,2元,济南公交刷卡、支付宝八折优惠,站点详情
T205路,济南大学,公交祝甸车场,工作日,6:20,18:10,2元,济南公交刷卡、支付宝八折优惠,站点详情
T205路,公交祝甸车场,济南大学,工作日,6:40,18:10,2元,济南公交刷卡、支付宝八折优惠,站点详情
T209路,唐冶公交枢纽,二环东路工业南路,工作日,6:50,17:50,2元,济南公交刷卡、支付宝八折优惠,站点详情
T209路,二环东路工业南路,唐冶公交枢纽,工作日,7:40,19:05,2元,济南公交刷卡、支付宝八折优惠,站点详情
M1路,陆军学院南门,汇诚小学,发车时间,5:50,20:00,1元,济南公交刷卡、支付宝八折优惠,站点详情
M1路,汇诚小学,陆军学院南门,发车时间,6:10,20:20,1元,济南公交刷卡、支付宝八折优惠,站点详情
M2路,地铁孟家庄站,地铁孟家庄站,发车时间,6:00,19:00,1元,济南公交刷卡、支付宝八折优惠,站点详情
M3路,凤歧路烈士山路,章灵西,发车时间,6:00,21:00,1元,济南公交刷卡、支付宝八折优惠,站点详情
M3路,章灵西,凤歧路烈士山路,发车时间,6:25,21:25,1元,济南公交刷卡、支付宝八折优惠,站点详情
M4路,济钢新村,龙湖城市之光北区,发车时间,6:00,21:00,1元,济南公交刷卡、支付宝八折优惠,站点详情
M4路,龙湖城市之光北区,济钢新村,发车时间,6:20,21:30,1元,济南公交刷卡、支付宝八折优惠,站点详情
假日学生专线1号线,山财大圣井校区,泉城广场,发车时间,9:00,15:00,2元,济南公交刷卡、支付宝八折优惠,站点详情
假日学生专线1号线,泉城广场①,山财大圣井校区 ,发车时间,15:00,21:00,2元,济南公交刷卡、支付宝八折优惠,站点详情
假日学生专线2号线,城建学院,芙蓉街,发车时间,9:00,15:00,2元,济南公交刷卡、支付宝八折优惠,站点详情
假日学生专线2号线,芙蓉街,城建学院,发车时间,15:00,21:00,2元,济南公交刷卡、支付宝八折优惠,站点详情
假日学生专线3号线,山东管理学院,黑虎泉,发车时间,9:00,15:00,2元,济南公交刷卡、支付宝八折优惠,站点详情
假日学生专线3号线,黑虎泉,山东管理学院,发车时间,15:00,21:00,2元,济南公交刷卡、支付宝八折优惠,站点详情
